municipio;estado;url_diario_eletronico
Alto Alegre dos Parecis;RO;https://transparencia.altoalegre.ro.gov.br/diario-oficial/
Ji-Paraná;RO;https://www.diariooficialjp.com.br/
Cacoal;RO;https://dioc.cacoal.ro.gov.br/
Vilhena;RO;https://vilhena.xyz/diario-oficial/
Jaru;RO;https://doe.jaru.ro.gov.br/
Costa Marques;RO;https://ro.portaldatransparencia.com.br/prefeitura/costamarques/?pagina=dop
Amajari;RR;https://imprensaoficial.rr.gov.br/
Vitória do Jari;AP;https://www.cmvitoriadojari.ap.gov.br/diario-oficial/
Aguiarnópolis;TO;https://www.aguiarnopolis.to.gov.br/diariooficial/
Bandeirantes do Tocantins;TO;https://www.bandeirantes.to.gov.br/diariooficial/
Barra do Ouro;TO;https://www.barradoouro.to.gov.br/diariooficial/
Chapada de Areia;TO;https://chapadadeareia.to.gov.br/diario-eletronico/
Chapada da Natividade;TO;https://diariooficial.chapadadanatividade.to.gov.br/
Crixás do Tocantins;TO;https://crixas.to.gov.br/diario-eletronico/
Lavandeira;TO;https://lavandeira.to.gov.br/diariooficialeletronico/
Luzinópolis;TO;https://www.luzinopolis.to.gov.br/diariooficial/
Monte Santo do Tocantins;TO;https://montesanto.to.gov.br/diario-oficial/
Oliveira de Fátima;TO;https://oliveiradefatima.to.gov.br/diario-oficial/
Pugmil;TO;https://www.pugmil.to.gov.br/diariooficial
Santa Terezinha do Tocantins;TO;https://www.santaterezinha.to.gov.br/diariooficial
Talismã;TO;https://www.talisma.to.gov.br/diariooficial
Tupirama;TO;https://www.tupirama.to.gov.br/diario-oficial
Água Doce do Maranhão;MA;https://aguadocedomaranhao.ma.gov.br/diario-oficial/
Brasiléia;AC;https://agencia.ac.gov.br/diario-oficial/
Alto Alegre do Maranhão;MA;https://transparencia.altoalegredomaranhao.ma.gov.br/diario-oficial/
Cruzeiro do Sul;AC;https://agencia.ac.gov.br/diario-oficial/
Alto Alegre do Pindaré;MA;https://www.altoalegredopindare.ma.gov.br/diario-oficial/
Mâncio Lima;AC;https://agencia.ac.gov.br/diario-oficial/
Amapá do Maranhão;MA;https://transparencia.amapa.ma.gov.br/diario-oficial/
Apicum-Açu;MA;https://transparencia.apicumacu.ma.gov.br/diario-oficial/
Feijó;AC;https://agencia.ac.gov.br/diario-oficial/
Bacabeira;MA;https://transparencia.bacabeira.ma.gov.br/diario-oficial/
Bacurituba;MA;https://transparencia.bacurituba.ma.gov.br/diario-oficial/
Belágua;MA;https://diario.belagua.ma.gov.br/
Bela Vista do Maranhão;MA;https://transparencia.belavista.ma.gov.br/diario-oficial/
Bernardo do Mearim;MA;https://transparencia.bernardodomearim.ma.gov.br/index.php?class=diario_home&method=onShow
Bom Jesus das Selvas;MA;https://bomjesusdasselvas.ma.gov.br/diario-oficial/
Bom Lugar;MA;https://www.bomlugar.ma.gov.br/diario-oficial/
Brejo de Areia;MA;https://brejodeareia.ma.gov.br/diariooficial/
Buritirana;MA;https://www.buritirana.ma.gov.br/diario-oficial
Cachoeira Grande;MA;https://transparencia.cachoeiragrande.ma.gov.br/diario-oficial/
Rio Branco;AC;https://agencia.ac.gov.br/diario-oficial/
Campestre do Maranhão;MA;https://www.campestredomaranhao.ma.gov.br/diario-oficial
Alcinópolis;MS;https://www.alcinopolis.ms.gov.br/site/diario-oficial-eletronico/
Capinzal do Norte;MA;https://www.cmcapinzaldonorte.ma.gov.br/diario-oficial
Nova Alvorada do Sul;MS;https://ms.portaldatransparencia.com.br/prefeitura/novaalvoradadosul/?pagina=dop
Central do Maranhão;MA;https://transparencia.centraldomaranhao.ma.gov.br/diario-oficial/
Sena Madureira;AC;https://agencia.ac.gov.br/diario-oficial/
Centro do Guilherme;MA;https://cmcentrodoguilherme.ma.gov.br/diario-oficial
Tarauacá;AC;https://agencia.ac.gov.br/diario-oficial/
Centro Novo do Maranhão;MA;https://transparencia.cmcentronovo.ma.gov.br/diario-oficial
Xapuri;AC;https://agencia.ac.gov.br/diario-oficial/
Cidelândia;MA;https://www.cidelandia.ma.gov.br/diario-oficial
Plácido de Castro;AC;https://agencia.ac.gov.br/diario-oficial/
Conceição do Lago-Açu;MA;https://transparencia.conceicaodolagoacu.ma.gov.br/diario/
Senador Guiomard;AC;https://agencia.ac.gov.br/diario-oficial/
Davinópolis;MA;https://www.davinopolis.ma.gov.br/diario-oficial
Manoel Urbano;AC;https://agencia.ac.gov.br/diario-oficial/
Feira Nova do Maranhão;MA;https://transparencia.feiranovadomaranhao.ma.gov.br/diario-oficial/
Assis Brasil;AC;https://agencia.ac.gov.br/diario-oficial/
Fernando Falcão;MA;https://cmfernandofalcao.ma.gov.br/diario-oficial
Novo Horizonte do Sul;MS;https://www.spdo.ms.gov.br/diariodoe/
Formosa da Serra Negra;MA;https://formosadaserranegra.diariomunicipal.net.br/diario
Japorã;MS;https://ms.portaldatransparencia.com.br/prefeitura/japora/?pagina=dop
Governador Edison Lobão;MA;https://www.governadoredisonlobao.ma.gov.br/diario-oficial
Laguna Carapã;MS;https://lagunacarapa.ms.gov.br/publicacoesBuscar?type=1&year=&number=&name=
Governador Luiz Rocha;MA;https://governadorluizrocha.ma.gov.br/transparencia/diarios/
Angico;TO;https://www.angico.to.gov.br/diariooficial/
Governador Newton Bello;MA;https://governadornewtonbello.ma.gov.br/diario-oficial
Aragominas;TO;https://diariooficial.aragominas.to.gov.br/
Governador Nunes Freire;MA;https://transparencia.governadornunesfreire.ma.gov.br/diario/
Araguanã;TO;https://www.araguana.to.gov.br/diariooficial/
Igarapé do Meio;MA;https://transparencia.igarapedomeio.ma.gov.br/diario-oficial/
Cachoeirinha;TO;https://www.cachoeirinha.to.gov.br/diariooficial/
Itaipava do Grajaú;MA;https://transparencia.itaipava.ma.gov.br/diario/
Campos Lindos;TO;https://www.camposlindos.to.gov.br/diariooficial/
Itinga do Maranhão;MA;https://www.cmitinga.ma.gov.br/diariooficial/
Carmolândia;TO;https://carmolandia.diariooficialbr.com.br/
Carrasco Bonito;TO;https://diario.carrascobonito.to.gov.br/
Jenipapo dos Vieiras;MA;https://transparencia.jenipapodosvieiras.ma.gov.br/diario/
Darcinópolis;TO;https://www.darcinopolis.to.gov.br/diariooficial/
Junco do Maranhão;MA;https://transparencia.juncodomaranhao.ma.gov.br/diario/
Lagoa do Mato;MA;https://transparencia.lagoadomato.ma.gov.br/diario/
Maurilândia do Tocantins;TO;https://www.maurilandiadotocantins.to.leg.br/diario-oficial/
Lago dos Rodrigues;MA;https://transparencia.lagodosrodrigues.ma.gov.br/diario/
Palmeiras do Tocantins;TO;https://diariooficial.palmeirasdotocantins.to.gov.br/
Lagoa Grande do Maranhão;MA;https://transparencia.lagoagrandedomaranhao.ma.gov.br/diario/
Muricilândia;TO;https://www.muricilandia.to.gov.br/diariooficial/
Lajeado Novo;MA;https://lajeadonovo.ma.gov.br/diario-oficial
Palmeirante;TO;https://www.palmeirante.to.gov.br/diariooficial/
Marajá do Sena;MA;https://transparencia.marajadosena.ma.gov.br/diario/
Riachinho;TO;https://www.riachinho.to.gov.br/diariooficial/
Maranhãozinho;MA;https://www.maranhaozinho.ma.gov.br/publicacoes/Diario-Oficial_29
Santa Fé do Araguaia;TO;https://santafedoaraguaia.to.gov.br/diario-eletronico/
Matões do Norte;MA;https://www.matoesdonorte.ma.gov.br/leis.php
São Bento do Tocantins;TO;https://www.saobentodotocantins.to.gov.br/diariooficial/
Milagres do Maranhão;MA;https://app.tcema.tc.br/diario/
São Miguel do Tocantins;TO;https://saomigueldotocantins.to.gov.br/diariooficial/
Nova Colinas;MA;https://novacolinas.ma.gov.br/transparencia/dados-abertos
Novo Airão;AM;https://diariomunicipalaam.org.br/
Nova Olinda do Maranhão;MA;https://novacolinas.ma.gov.br/transparencia/dados-abertos
Anori;AM;https://diariomunicipalaam.org.br/
Olinda Nova do Maranhão;MA;https://olindanova.ma.gov.br/diario-oficial/
Atalaia do Norte;AM;https://diariomunicipalaam.org.br/
Paulino Neves;MA;https://camarapaulinoneves.ma.gov.br/transparencia/dados-abertos
Autazes;AM;https://diariomunicipalaam.org.br/
Pedro do Rosário;MA;https://transparencia.pedrodorosario.ma.gov.br/diario/
Barcelos;AM;https://diariomunicipalaam.org.br/
Peritoró;MA;https://peritoro.ma.gov.br/diario-oficial
Barreirinha;AM;https://diariomunicipalaam.org.br/
Porto Rico do Maranhão;MA;https://portorico.ma.gov.br/diario-oficial
Benjamin Constant;AM;https://diariomunicipalaam.org.br/
Presidente Médici;MA;https://cmpresidentemedici.ma.gov.br/diario-oficial
Boca do Acre;AM;https://diariomunicipalaam.org.br/
Presidente Sarney;MA;https://transparencia.presidentesarney.ma.gov.br/diario/
Borba;AM;https://diariomunicipalaam.org.br/
Raposa;MA;https://www.raposa.ma.gov.br/diario-oficial
Canutama;AM;https://diariomunicipalaam.org.br/
Ribamar Fiquene;MA;http://www.ribamarfiquene.ma.gov.br/diario-oficial
Carauari;AM;https://diariomunicipalaam.org.br/
Santa Filomena do Maranhão;MA;https://santafilomena.ma.gov.br/diario-oficial
Careiro;AM;https://diariomunicipalaam.org.br/
Santana do Maranhão;MA;https://santanadomaranhao.ma.gov.br/diario-oficial
Coari;AM;https://diariomunicipalaam.org.br/
Santo Amaro do Maranhão;MA;https://administracaopublica.com.br/downloads?n=01612671000176
Codajás;AM;https://diariomunicipalaam.org.br/
São Domingos do Azeitão;MA;https://saodomingosdoazeitao.ma.gov.br/diario-oficial
Eirunepé;AM;https://diariomunicipalaam.org.br/
São Francisco do Brejão;MA;https://www.saofranciscodobrejao.ma.gov.br/diario-oficial
Envira;AM;https://diariomunicipalaam.org.br/
São João do Carú;MA;https://saojoaodocaru.ma.gov.br/diario-oficial
Fonte Boa;AM;https://diariomunicipalaam.org.br/
São João do Paraíso;MA;https://www.saojoaodoparaiso.ma.gov.br/diario-oficial
Humaitá;AM;https://diariomunicipalaam.org.br/
São João do Soter;MA;https://saojoaodosoter.ma.gov.br/diario-oficial
Santa Isabel do Rio Negro;AM;https://diariomunicipalaam.org.br/
São José dos Basílios;MA;https://cmsaojosedosbasilios.ma.gov.br/diario-oficial
Ipixuna;AM;https://diariomunicipalaam.org.br/
São Pedro da Água Branca;MA;http://www.saopedrodaaguabranca.ma.gov.br/diario-oficial
Itacoatiara;AM;https://diariomunicipalaam.org.br/
São Pedro dos Crentes;MA;https://www.saopedrodoscrentes.ma.gov.br/diario-oficial
Itapiranga;AM;https://diariomunicipalaam.org.br/
São Raimundo do Doca Bezerra;MA;https://transparencia.cmsaoraimundododocabezerra.ma.gov.br/diario-oficial
Japurá;AM;https://diariomunicipalaam.org.br/
São Roberto;MA;https://saoroberto.ma.gov.br/diario-oficial
Juruá;AM;https://diariomunicipalaam.org.br/
Satubinha;MA;https://transparencia.satubinha.ma.gov.br/diario/
Jutaí;AM;https://diariomunicipalaam.org.br/
Senador Alexandre Costa;MA;https://senadoralexandrecosta.ma.gov.br/diario-oficial
Lábrea;AM;https://diariomunicipalaam.org.br/
Senador La Rocque;MA;https://www.senadorlarocque.ma.gov.br/diario-oficial
Manacapuru;AM;https://www.manacapuru.am.gov.br/diario-oficial
Serrano do Maranhão;MA;https://cmserranodomaranhao.ma.gov.br/diario-oficial
Manaus;AM;https://imprensaoficial.am.gov.br/diario-oficial
Sucupira do Riachão;MA;https://licitacoes.sucupiradoriachao.ma.gov.br/diario-oficial
Manicoré;AM;https://diariomunicipalaam.org.br/
Trizidela do Vale;MA;https://cmtrizideladovale.ma.gov.br/diario-oficial
Maraã;AM;https://diariomunicipalaam.org.br/
Tufilândia;MA;https://transparencia.tufilandia.ma.gov.br/diario/
Maués;AM;https://diariomunicipalaam.org.br/
Turilândia;MA;https://turilandia.ma.gov.br/transparencia
Nhamundá;AM;https://diariomunicipalaam.org.br/
Vila Nova dos Martírios;MA;https://cmvilanovadosmartirios.ma.gov.br/diario-oficial
Nova Olinda do Norte;AM;https://diariomunicipalaam.org.br/
Acauã;PI;https://tcepi.tc.br/diario-oficial
Novo Aripuanã;AM;https://diariomunicipalaam.org.br/
Alvorada do Gurguéia;PI;https://www.tcepi.tc.br/diario-oficial
Parintins;AM;https://diariomunicipalaam.org.br/
Assunção do Piauí;PI;https://www.tcepi.tc.br/diario-oficial
Pauini;AM;https://pauini.am.gov.br/diario-oficial
Barra D'Alcântara;PI;https://www.tcepi.tc.br/diario-oficial
Santo Antônio do Içá;AM;https://diariomunicipalaam.org.br/
Bela Vista do Piauí;PI;https://www.tcepi.tc.br/diario-oficial
São Paulo de Olivença;AM;https://diariomunicipalaam.org.br/
Belém do Piauí;PI;https://www.tcepi.tc.br/diario-oficial
Silves;AM;https://silves.am.gov.br/diario-oficial
Betânia do Piauí;PI;https://www.tcepi.tc.br/diario-oficial
Tapauá;AM;https://www.tapaua.am.gov.br/diario-oficial
Boa Hora;PI;https://www.tcepi.tc.br/diario-oficial
Tefé;AM;https://diariomunicipalaam.org.br/
Boqueirão do Piauí;PI;https://www.tcepi.tc.br/diario-oficial
São Gabriel da Cachoeira;AM;https://diariomunicipalaam.org.br/
Brejo do Piauí;PI;https://www.tcepi.tc.br/diario-oficial
Urucará;AM;https://diariomunicipalaam.org.br/
Cajazeiras do Piauí;PI;https://www.tcepi.tc.br/diario-oficial
Urucurituba;AM;https://diariomunicipalaam.org.br/
Cajueiro da Praia;PI;https://www.tcepi.tc.br/diario-oficial
Alvarães;AM;https://diariomunicipalaam.org.br/
Campo Alegre do Fidalgo;PI;https://www.tcepi.tc.br/diario-oficial
Amaturá;AM;https://diariomunicipalaam.org.br/
Campo Grande do Piauí;PI;https://www.tcepi.tc.br/diario-oficial
Anamã;AM;https://diariomunicipalaam.org.br/
Campo Largo do Piauí;PI;https://www.tcepi.tc.br/diario-oficial
Beruri;AM;https://diariomunicipalaam.org.br/
Capitão Gervásio Oliveira;PI;https://www.tcepi.tc.br/diario-oficial
Boa Vista do Ramos;AM;https://diariomunicipalaam.org.br/
Caraúbas do Piauí;PI;https://www.tcepi.tc.br/diario-oficial
Caapiranga;AM;https://diariomunicipalaam.org.br/
Caridade do Piauí;PI;https://www.tcepi.tc.br/diario-oficial
Caxingó;PI;https://www.tcepi.tc.br/diario-oficial
Cocal de Telha;PI;https://www.tcepi.tc.br/diario-oficial
Cocal dos Alves;PI;https://www.tcepi.tc.br/diario-oficial
Currais;PI;https://www.tcepi.tc.br/diario-oficial
Curralinhos;PI;https://www.tcepi.tc.br/diario-oficial
Curral Novo do Piauí;PI;https://www.tcepi.tc.br/diario-oficial
Floresta do Piauí;PI;https://www.tcepi.tc.br/diario-oficial
Francisco Macedo;PI;https://www.tcepi.tc.br/diario-oficial
Mateiros;TO;https://www.mateiros.to.gov.br/diariooficial
Geminiano;PI;https://www.tcepi.tc.br/diario-oficial
Guaribas;PI;https://www.tcepi.tc.br/diario-oficial
Novo Jardim;TO;http://www.novojardim.to.gov.br/transparencia/diarioeletronico/
Ilha Grande;PI;https://www.tcepi.tc.br/diario-oficial
Rio da Conceição;TO;https://www.riodaconceicao.to.gov.br/diario-oficial
Jatobá do Piauí;PI;https://www.tcepi.tc.br/diario-oficial
Taipas do Tocantins;TO;https://diariooficial.taipas.to.gov.br/index.php/publicacoes
João Costa;PI;https://www.tcepi.tc.br/diario-oficial
Cariri do Tocantins;TO;https://cariri.to.gov.br/diario-oficial
Joca Marques;PI;https://www.tcepi.tc.br/diario-oficial
Jaú do Tocantins;TO;https://www.bandeirantes.to.gov.br/diariooficial
Juazeiro do Piauí;PI;https://www.tcepi.tc.br/diario-oficial
Sandolândia;TO;https://sapl.sandolandia.to.leg.br/docadm/pesq-doc-adm?format=csv&tipo=20&o=&numero=&complemento=&ano=&protocolo__numero=&numero_externo=&data_0=&data_1=&interessado=&assunto=&tramitacao=&tramitacaoadministrativo__status=&tramitacaoadministrativo__unidade_tramitacao_destino=&iframe=1
Júlio Borges;PI;https://www.tcepi.tc.br/diario-oficial
São Salvador do Tocantins;TO;https://www.saosalvadordotocantins.to.leg.br/transparencia/diario-oficial-eletronico
Jurema;PI;https://www.tcepi.tc.br/diario-oficial
Sucupira;TO;https://www.sucupira.to.leg.br/leis/leis-municipais/relacao-de-leis
Lagoinha do Piauí;PI;https://www.tcepi.tc.br/diario-oficial
Abreulândia;TO;https://www.abreulandia.to.gov.br/diariooficial
Lagoa de São Francisco;PI;https://www.tcepi.tc.br/diario-oficial
Brasilândia do Tocantins;TO;https://brasilandiadotocantins.to.gov.br/legislacao/612
Lagoa do Piauí;PI;https://www.tcepi.tc.br/diario-oficial
Lagoa do Sítio;PI;https://www.tcepi.tc.br/diario-oficial
Centenário;TO;https://www.centenario.to.gov.br/diario-oficial
Madeiro;PI;https://www.tcepi.tc.br/diario-oficial
Tabocão;TO;http://fortalezadotabocao.to.gov.br/doemfortalezadotabocao/doemfortalezatabocao.html
Massapê do Piauí;PI;https://www.tcepi.tc.br/diario-oficial
Itapiratins;TO;https://itapiratins.diariooficialbr.com.br/
Milton Brandão;PI;https://www.tcepi.tc.br/diario-oficial
Juarina;TO;https://juarina.to.leg.br/diario-oficial
Morro Cabeça no Tempo;PI;https://www.tcepi.tc.br/diario-oficial
Lajeado;TO;https://www.lajeado.to.gov.br/diario-oficial
Morro do Chapéu do Piauí;PI;https://www.tcepi.tc.br/diario-oficial
Lagoa do Tocantins;TO;https://diariooficial.lagoadotocantins.to.gov.br/
Murici dos Portelas;PI;https://www.tcepi.tc.br/diario-oficial
Piraquê;TO;https://diario.piraque.to.gov.br/
Nossa Senhora de Nazaré;PI;https://nossasenhoradenazare.pi.gov.br/transparencia/dados-abertos
Recursolândia;TO;https://www.recursolandia.to.gov.br/diario-oficial
Novo Santo Antônio;PI;https://transparencia.webservicesistemas.com.br/app/output/diariomunicipal/diario/ac0a39b66541121971d72e316c3565fc3438ba35.pdf
Rio dos Bois;TO;https://www.riodosbois.to.gov.br/diario-oficial
Olho D'Água do Piauí;PI;https://www.tcepi.tc.br/diario-oficial
Santa Maria do Tocantins;TO;https://santamariadotocantins.to.gov.br/diario-eletronico/
Pajeú do Piauí;PI;https://www.tcepi.tc.br/diario-oficial
São Félix do Tocantins;TO;https://www.saofelixdotocantins.to.leg.br/transparencia/resolucoes
Paquetá;PI;https://www.tcepi.tc.br/diario-oficial
Tupiratins;TO;https://doe.to.gov.br/diario
Pavussu;PI;https://www.tcepi.tc.br/diario-oficial
Lagoa da Confusão;TO;https://www.lagoadaconfusao.to.gov.br/diario-oficial
Pedro Laurentino;PI;https://www.tcepi.tc.br/diario-oficial
Santa Bárbara do Pará;PA;http://tcm.ioepa.com.br/diarios/
Nova Santa Rita;PI;https://sts-appm.s3.amazonaws.com/uploads/leis/0aaa995abfa187468b545373de19c44c.pdf
Santa Luzia do Pará;PA;http://tcm.ioepa.com.br/diarios/
Porto Alegre do Piauí;PI;https://www.tcepi.tc.br/diario-oficial
Terra Alta;PA;http://tcm.ioepa.com.br/diarios/
Riacho Frio;PI;https://www.tcepi.tc.br/diario-oficial
Ribeira do Piauí;PI;https://www.tcepi.tc.br/diario-oficial
Eldorado do Carajás;PA;http://tcm.ioepa.com.br/diarios/
Santo Antônio dos Milagres;PI;https://www.tcepi.tc.br/diario-oficial
Palestina do Pará;PA;http://tcm.ioepa.com.br/diarios/
São Francisco de Assis do Piauí;PI;https://www.tcepi.tc.br/diario-oficial
São Domingos do Araguaia;PA;http://tcm.ioepa.com.br/diarios/
São Gonçalo do Gurguéia;PI;https://www.tcepi.tc.br/diario-oficial
Água Azul do Norte;PA;http://tcm.ioepa.com.br/diarios/
São João da Fronteira;PI;https://www.tcepi.tc.br/diario-oficial
Cumaru do Norte;PA;http://tcm.ioepa.com.br/diarios/
São João da Varjota;PI;https://www.tcepi.tc.br/diario-oficial
Pau D'Arco;PA;http://tcm.ioepa.com.br/diarios/
São João do Arraial;PI;https://www.tcepi.tc.br/diario-oficial
Aurora do Pará;PA;http://tcm.ioepa.com.br/diarios/
São Luis do Piauí;PI;https://www.tcepi.tc.br/diario-oficial
Nova Esperança do Piriá;PA;http://tcm.ioepa.com.br/diarios/
São Miguel da Baixa Grande;PI;https://www.tcepi.tc.br/diario-oficial
São João de Pirabas;PA;http://tcm.ioepa.com.br/diarios/
São Miguel do Fidalgo;PI;https://www.tcepi.tc.br/diario-oficial
Tailândia;PA;http://tcm.ioepa.com.br/diarios/
Sebastião Barros;PI;https://www.tcepi.tc.br/diario-oficial
Tucumã;PA;http://tcm.ioepa.com.br/diarios/
Sebastião Leal;PI;https://www.tcepi.tc.br/diario-oficial
Uruará;PA;http://tcm.ioepa.com.br/diarios/
Sussuapara;PI;https://www.tcepi.tc.br/diario-oficial
Abaetetuba;PA;http://tcm.ioepa.com.br/diarios/
Tamboril do Piauí;PI;https://www.tcepi.tc.br/diario-oficial
Acará;PA;http://tcm.ioepa.com.br/diarios/
Tanque do Piauí;PI;https://camaratanquedopiaui.pi.gov.br/transparencia/dados-abertos
Afuá;PA;http://tcm.ioepa.com.br/diarios/
Vera Mendes;PI;https://www.tcepi.tc.br/diario-oficial
Alenquer;PA;https://cmalenquer.pa.gov.br/
Vila Nova do Piauí;PI;https://www.tcepi.tc.br/diario-oficial
Almeirim;PA;https://almeirim.pa.gov.br/
Wall Ferraz;PI;https://www.tcepi.tc.br/diario-oficial
Altamira;PA;https://altamira.pa.gov.br/c/publicacoes/
Bodó;RN;https://rn.portaldatransparencia.com.br/prefeitura/bodo/
Anajás;PA;http://tcm.ioepa.com.br/diarios/
Caiçara do Norte;RN;https://caicaradonorte.rn.gov.br/
Ananindeua;PA;https://www.ananindeua.pa.gov.br/
Augusto Corrêa;PA;https://augustocorrea.pa.gov.br/
Itajá;RN;https://itaja.rn.gov.br/guia-de-servicos/diario-oficial/
Major Sales;RN;https://www.majorsales.rn.gov.br/arquivos_download.php?id=879&pg=diariooficial
Bagre;PA;http://tcm.ioepa.com.br/diarios/
Baião;PA;http://tcm.ioepa.com.br/diarios/
Barcarena;PA;https://barcarena.pa.gov.br/
Porto do Mangue;RN;https://diariooficial.fecamrn.com.br/
Belém;PA;https://www.tcmpa.tc.br/diario-oficial-eletronico/
Tibau;RN;https://rn.portaldatransparencia.com.br/prefeitura/tibau/
Benevides;PA;https://www.benevides.pa.leg.br/
Bonito;PA;http://tcm.ioepa.com.br/diarios/
Serrinha dos Pintos;RN;http://www.serrinhadospintos.rn.gov.br/diario-oficial-eletronico
Breves;PA;http://tcm.ioepa.com.br/diarios/
Bujaru;PA;http://tcm.ioepa.com.br/diarios/
Cachoeira do Arari;PA;http://tcm.ioepa.com.br/diarios/
Alcantil;PB;https://alcantil.pb.gov.br/
Cametá;PA;https://prefeituradecameta.pa.gov.br/
Algodão de Jandaíra;PB;https://publicacao.tce.pb.gov.br/
Capanema;PA;http://tcm.ioepa.com.br/diarios/
Amparo;PB;https://publicacao.tce.pb.gov.br/
Capitão Poço;PA;http://tcm.ioepa.com.br/diarios/
Aparecida;PB;https://www.aparecida.pb.gov.br/
Castanhal;PA;http://tcm.ioepa.com.br/diarios/
Areia de Baraúnas;PB;https://areiadebaraunas.pb.gov.br/
Chaves;PA;http://tcm.ioepa.com.br/diarios/
Assunção;PB;https://www.assuncao.pb.gov.br/
Colares;PA;http://tcm.ioepa.com.br/diarios/
Baraúna;PB;https://barauna.pb.gov.br/
Conceição do Araguaia;PA;https://conceicaodoaraguaia.pa.gov.br/
Barra de Santana;PB;https://barradesantana.pb.gov.br/
Curralinho;PA;http://tcm.ioepa.com.br/diarios/
Bernardino Batista;PB;https://www.bernardinobatista.pb.gov.br/
Curuçá;PA;https://camaramunicipaldecuruca.pa.gov.br/
Boa Vista;PB;https://www.boavista.pb.gov.br/
Faro;PA;http://tcm.ioepa.com.br/diarios/
Cacimbas;PB;https://cacimbas.pb.gov.br/
Gurupá;PA;http://tcm.ioepa.com.br/diarios/
Cajazeirinhas;PB;https://cajazeirinhas.pb.gov.br/
Igarapé-Açu;PA;https://prefeituradeigarapeacu.pa.gov.br/
Capim;PB;https://transparencia.capim.pb.gov.br/
Igarapé-Miri;PA;https://igarapemiri.pa.gov.br/c/publicacoes/
Inhangapi;PA;https://www.cminhangapi.pa.gov.br/
Casserengue;PB;https://casserengue.pb.gov.br/
Irituia;PA;http://tcm.ioepa.com.br/diarios/
Caturité;PB;https://publicacao.tce.pb.gov.br/
Itaituba;PA;http://tcm.ioepa.com.br/diarios/
Coxixola;PB;https://publicacao.tce.pb.gov.br/
Itupiranga;PA;http://tcm.ioepa.com.br/diarios/
Cuité de Mamanguape;PB;https://publicacao.tce.pb.gov.br/
Jacundá;PA;https://jacunda.pa.gov.br/
Curral de Cima;PB;http://camaracurraldecima.pb.gov.br/diariooficial
Juruti;PA;http://tcm.ioepa.com.br/diarios/
Damião;PB;https://www.cmdamiao.pb.gov.br/publicacoes
Limoeiro do Ajuru;PA;http://tcm.ioepa.com.br/diarios/
Gado Bravo;PB;https://gadobravo.pb.gov.br/
Magalhães Barata;PA;http://tcm.ioepa.com.br/diarios/
Logradouro;PB;https://www.cmlogradouro.pb.gov.br/
Marabá;PA;https://maraba.pa.gov.br/
Marcação;PB;http://pb.portaldatransparencia.com.br/prefeitura/marcacao/
Maracanã;PA;http://tcm.ioepa.com.br/diarios/
Marizópolis;PB;http://pb.portaldatransparencia.com.br/prefeitura/marizopolis/
Marapanim;PA;http://tcm.ioepa.com.br/diarios/
Matinhas;PB;https://publicacao.tce.pb.gov.br/
Melgaço;PA;http://tcm.ioepa.com.br/diarios/
Mato Grosso;PB;https://matogrosso.pb.gov.br/
Mocajuba;PA;http://tcm.ioepa.com.br/diarios/
Maturéia;PB;http://cmatureia.pb.gov.br/
Moju;PA;https://moju.pa.gov.br/
Parari;PB;https://publicacao.tce.pb.gov.br/
Poço Dantas;PB;https://pocodantas.pb.gov.br/
Muaná;PA;http://tcm.ioepa.com.br/diarios/
Poço de José de Moura;PB;https://publicacao.tce.pb.gov.br/
Nova Timboteua;PA;http://tcm.ioepa.com.br/diarios/
Pedro Régis;PB;https://publicacao.tce.pb.gov.br/
Óbidos;PA;https://obidos.pa.gov.br/
Oeiras do Pará;PA;https://oeirasdopara.pa.gov.br/
Riachão do Bacamarte;PB;https://riachaodobacamarte.pb.gov.br/
Oriximiná;PA;https://www.cmoriximina.pa.gov.br/
Riachão do Poço;PB;https://publicacao.tce.pb.gov.br/
Ourém;PA;http://tcm.ioepa.com.br/diarios/
Riacho de Santo Antônio;PB;https://publicacao.tce.pb.gov.br/
Paragominas;PA;https://paragominas.pa.gov.br/
Santa Cecília;PB;https://santacecilia.pb.gov.br/
Peixe-Boi;PA;http://tcm.ioepa.com.br/diarios/
Ponta de Pedras;PA;https://cmpontadepedras.pa.gov.br/
Joca Claudino;PB;https://publicacao.tce.pb.gov.br/
Portel;PA;https://portel.pa.gov.br/
Santo André;PB;https://santoandre.pb.gov.br/
Porto de Moz;PA;http://tcm.ioepa.com.br/diarios/
São Bentinho;PB;https://publicacao.tce.pb.gov.br/
Prainha;PA;https://camaradeprainha.pa.gov.br/
São Domingos do Cariri;PB;https://publicacao.tce.pb.gov.br/
Primavera;PA;http://tcm.ioepa.com.br/diarios/
São Domingos;PB;https://publicacao.tce.pb.gov.br/
Salinópolis;PA;http://tcm.ioepa.com.br/diarios/
São Francisco;PB;https://publicacao.tce.pb.gov.br/
Salvaterra;PA;http://tcm.ioepa.com.br/diarios/
São José dos Ramos;PB;https://publicacao.tce.pb.gov.br/
Santa Cruz do Arari;PA;http://tcm.ioepa.com.br/diarios/
São José de Princesa;PB;https://publicacao.tce.pb.gov.br/
Santa Izabel do Pará;PA;http://tcm.ioepa.com.br/diarios/
São José do Brejo do Cruz;PB;https://saojosedobrejodocruz.pb.gov.br/
Santa Maria do Pará;PA;http://tcm.ioepa.com.br/diarios/
Sertãozinho;PB;http://pb.portaldatransparencia.com.br/prefeitura/sertaozinho/
Santana do Araguaia;PA;https://diariooficial.pmsaraguaia.pa.gov.br/
Sobrado;PB;https://camarasobrado.pb.gov.br/portal/publicacoes/diario-eletronico
Santarém;PA;http://tcm.ioepa.com.br/diarios/
Sossêgo;PB;https://publicacao.tce.pb.gov.br/
Santarém Novo;PA;http://tcm.ioepa.com.br/diarios/
Tenório;PB;https://tenorio.pb.gov.br/
Santo Antônio do Tauá;PA;http://tcm.ioepa.com.br/diarios/
Vieirópolis;PB;https://vieiropolis.pb.gov.br/
São Caetano de Odivelas;PA;http://tcm.ioepa.com.br/diarios/
Zabelê;PB;https://zabele.pb.gov.br/
São Domingos do Capim;PA;http://tcm.ioepa.com.br/diarios/
Araçoiaba;PE;https://dosp.com.br/
São Félix do Xingu;PA;http://tcm.ioepa.com.br/diarios/
Casinhas;PE;http://www.pe.portaldatransparencia.com.br/prefeitura/casinhas/
São Francisco do Pará;PA;http://tcm.ioepa.com.br/diarios/
Jaqueira;PE;http://pe.portaldatransparencia.com.br/prefeitura/jaqueira/
São João do Araguaia;PA;https://www.saojoaodoaraguaia.pa.leg.br/
Jatobá;PE;https://transparencia.systemainformatica.com.br/entidade/jatoba/
São Miguel do Guamá;PA;https://saomigueldoguama.pa.gov.br/
Lagoa Grande;PE;https://lagoagrande.pe.gov.br/
São Sebastião da Boa Vista;PA;https://pmssbv.pa.gov.br/
Manari;PE;http://pe.portaldatransparencia.com.br/prefeitura/manari/
Senador José Porfírio;PA;http://tcm.ioepa.com.br/diarios/
Soure;PA;https://soure.pa.gov.br/
Tamandaré;PE;http://pe.portaldatransparencia.com.br/prefeitura/tamandare/
Tomé-Açu;PA;http://tcm.ioepa.com.br/diarios/
Campestre;AL;https://www.campestre.al.gov.br/
Tucuruí;PA;http://tcm.ioepa.com.br/diarios/
Jequiá da Praia;AL;https://jequiadapraia.al.gov.br/
Vigia;PA;http://tcm.ioepa.com.br/diarios/
Alto Caparaó;MG;https://cmaltocaparao.mg.gov.br/
Viseu;PA;http://www.viseu.pa.gov.br/
Angelândia;MG;https://www.angelandia.mg.gov.br/
Aricanduva;MG;https://aricanduva.mg.gov.br/
Rio Maria;PA;http://tcm.ioepa.com.br/diarios/
Berizal;MG;https://berizal.mg.gov.br/
Xinguara;PA;https://pa.portaldatransparencia.com.br/prefeitura/xinguara/
Bonito de Minas;MG;https://camarabonitodeminas.mg.gov.br/
Rondon do Pará;PA;http://tcm.ioepa.com.br/diarios/
Brasilândia de Minas;MG;https://www.brasilandiademinas.mg.gov.br/
Bom Jesus do Tocantins;PA;http://tcm.ioepa.com.br/diarios/
Brejo Grande do Araguaia;PA;http://tcm.ioepa.com.br/diarios/
Cabeceira Grande;MG;https://www.cabeceiragrande.mg.gov.br/
Concórdia do Pará;PA;http://tcm.ioepa.com.br/diarios/
Campo Azul;MG;https://campoazul.mg.gov.br/
Curionópolis;PA;http://tcm.ioepa.com.br/diarios/
Cantagalo;MG;https://www.cantagalo.mg.gov.br/
Dom Eliseu;PA;https://pa.portaldatransparencia.com.br/prefeitura/domeliseu/
Catas Altas;MG;https://camaracatasaltasdanoruega.mg.gov.br/
Garrafão do Norte;PA;https://www.garrafaodonorte.pa.gov.br/
Catuti;MG;https://catuti.mg.gov.br/
Mãe do Rio;PA;https://bkcmmaedorio.cr2.net.br/
Chapada Gaúcha;MG;https://mg.portaldatransparencia.com.br/prefeitura/chapadagaucha/
Medicilândia;PA;http://tcm.ioepa.com.br/diarios/
Cônego Marinho;MG;https://www.conegomarinho.mg.gov.br/
Ourilândia do Norte;PA;https://ourilandia.pa.gov.br/
Confins;MG;https://www.confins.mg.gov.br/
Pacajá;PA;http://tcm.ioepa.com.br/diarios/
Córrego Fundo;MG;https://corregofundo.mg.gov.br/
Parauapebas;PA;https://parauapebas.pa.gov.br/
Crisólita;MG;https://crisolita.mg.gov.br/
Rurópolis;PA;http://tcm.ioepa.com.br/diarios/
Cuparaque;MG;https://www.camaracuparaque.mg.gov.br/
Santa Maria das Barreiras;PA;http://tcm.ioepa.com.br/diarios/
Curral de Dentro;MG;https://curraldedentro.mg.gov.br/
Amapá;AP;https://editor.amapa.gov.br/
Delta;MG;https://delta.mg.gov.br/
Calçoene;AP;https://editor.amapa.gov.br/
Divisa Alegre;MG;https://camaracalcoene.ap.gov.br/
Macapá;AP;https://www.macapa.ap.leg.br/
Dom Bosco;MG;https://www.dombosco.mg.gov.br/
Mazagão;AP;https://editor.amapa.gov.br/
Franciscópolis;MG;https://www.franciscopolis.mg.gov.br/
Oiapoque;AP;http://ap.portaldatransparencia.com.br/prefeitura/oiapoque/
Frei Lagonegro;MG;https://freilagonegro.mg.gov.br/
Ferreira Gomes;AP;http://www.ferreiragomes.ap.gov.br/diarios
Fruta de Leite;MG;https://frutadeleite.mg.gov.br/
Laranjal do Jari;AP;http://ap.portaldatransparencia.com.br/prefeitura/laranjaldojari/
Gameleiras;MG;https://www.gameleiras.mg.gov.br/
Santana;AP;https://editor.amapa.gov.br/
Glaucilândia;MG;https://glaucilandia.mg.gov.br/
Tartarugalzinho;AP;http://ap.portaldatransparencia.com.br/prefeitura/tartarugalzinho/
Goiabeira;MG;https://www.goiabeira.mg.gov.br/
São Geraldo do Araguaia;PA;http://tcm.ioepa.com.br/diarios/
Goianá;MG;https://goiana.mg.gov.br/
Ipixuna do Pará;PA;http://tcm.ioepa.com.br/diarios/
Guaraciama;MG;https://www.guaraciama.mg.gov.br/
Ulianópolis;PA;http://tcm.ioepa.com.br/diarios/
Ibiracatu;MG;https://www.ibiracatu.mg.gov.br/
Breu Branco;PA;http://tcm.ioepa.com.br/diarios/
Imbé de Minas;MG;https://cmimbedeminas.mg.gov.br/
Goianésia do Pará;PA;http://tcm.ioepa.com.br/diarios/
Indaiabira;MG;https://indaiabira.mg.gov.br/
Novo Repartimento;PA;http://tcm.ioepa.com.br/diarios/
Japonvar;MG;https://japonvar.mg.gov.br/
Jacareacanga;PA;http://tcm.ioepa.com.br/diarios/
Jenipapo de Minas;MG;https://jenipapodeminas.mg.gov.br/
Novo Progresso;PA;https://novoprogresso.pa.gov.br/
José Gonçalves de Minas;MG;https://josegoncalvesdeminas.mg.gov.br/
Trairão;PA;http://tcm.ioepa.com.br/diarios/
José Raydan;MG;https://joseraydan.mg.gov.br/
Terra Santa;PA;http://tcm.ioepa.com.br/diarios/
Josenópolis;MG;https://mg.portaldatransparencia.com.br/prefeitura/josenopolis/
Brasil Novo;PA;https://brasilnovo.pa.gov.br/
Juvenília;MG;https://juvenilia.mg.gov.br/
Vitória do Xingu;PA;https://vitoriadoxingu.pa.gov.br/
Leme do Prado;MG;https://lemedoprado.mg.gov.br/
Acrelândia;AC;https://agencia.ac.gov.br/diario-oficial/
Luisburgo;MG;https://www.luisburgo.mg.gov.br/
Bujari;AC;https://agencia.ac.gov.br/diario-oficial/
Luislândia;MG;https://luislandia.mg.gov.br/
Capixaba;AC;https://ac.portaldatransparencia.com.br/prefeitura/capixaba/
Mário Campos;MG;https://www.mariocampos.mg.gov.br/
Porto Acre;AC;https://portoacre.ac.gov.br/
Martins Soares;MG;https://martinsoares.mg.gov.br/
Epitaciolândia;AC;https://agencia.ac.gov.br/diario-oficial/
Miravânia;MG;https://miravania.mg.gov.br/
Jordão;AC;https://agencia.ac.gov.br/diario-oficial/
Monte Formoso;MG;https://monteformoso.mg.gov.br/
Marechal Thaumaturgo;AC;https://agencia.ac.gov.br/diario-oficial/
Naque;MG;https://www.naque.mg.gov.br/
Porto Walter;AC;https://agencia.ac.gov.br/diario-oficial/
Natalândia;MG;https://natalandia.mg.gov.br/
Rodrigues Alves;AC;https://agencia.ac.gov.br/diario-oficial/
Ninheira;MG;https://www.pmninheira.plenussistemas.com.br/
Santa Rosa do Purus;AC;https://agencia.ac.gov.br/diario-oficial/
Nova Belém;MG;https://novabelem.mg.gov.br/
Pedra Branca do Amapari;AP;https://amapari.ap.gov.br/
Nova Porteirinha;MG;https://novaporteirinha.mg.gov.br/
Serra do Navio;AP;https://serradonavio.ap.gov.br/
Novo Oriente de Minas;MG;https://novoorientedeminas.mg.gov.br/
Cutias;AP;https://cutias.ap.gov.br/
Novorizonte;MG;https://mg.portaldatransparencia.com.br/prefeitura/novorizonte/
Itaubal;AP;https://itaubal.ap.gov.br/
Olhos-d'Água;MG;https://www.olhosdagua.mg.gov.br/
Porto Grande;AP;https://portogrande.ap.gov.br/
Oratórios;MG;https://www.oratorios.mg.gov.br/
Pracuúba;AP;https://pracuuba.ap.gov.br/
Orizânia;MG;https://orizania.mg.gov.br/
Padre Carvalho;MG;https://padrecarvalho.mg.gov.br/
Pai Pedro;MG;https://www.paipedro.mg.gov.br/
Campo Novo de Rondônia;RO;https://camponovo.ro.gov.br/
Patis;MG;https://patis.mg.gov.br/
Pedra Bonita;MG;https://pedrabonita.mg.gov.br/
Periquito;MG;https://www.periquito.mg.gov.br/
Monte Negro;RO;http://transparencia.montenegro.ro.gov.br/
Piedade de Caratinga;MG;https://cmpiedadedecaratinga.mg.gov.br/
Rio Crespo;RO;https://riocrespo.ro.gov.br/
Pingo-d'Água;MG;https://www.pingodagua.mg.gov.br/
Pintópolis;MG;https://pintopolis.mg.gov.br/
Ponto Chique;MG;https://www.pontochique.mg.gov.br/
Ponto dos Volantes;MG;https://www.pontodosvolantes.mg.gov.br/
Ministro Andreazza;RO;https://www.ministroandreazza.ro.gov.br/
Reduto;MG;https://reduto.mg.gov.br/
Mirante da Serra;RO;https://transparencia.camara.mirantedaserra.ro.gov.br/
Rosário da Limeira;MG;https://rosariodalimeira.mg.gov.br/
Seringueiras;RO;https://seringueiras.ro.gov.br/
Santa Bárbara do Monte Verde;MG;https://santabarbaradomonteverde.mg.gov.br/
Afonso Cunha;MA;https://www.afonsocunha.ma.gov.br/
Santa Cruz de Minas;MG;https://santacruzdeminas.mg.gov.br/
Alcântara;MA;https://cmalcantara.ma.gov.br/
Santa Cruz de Salinas;MG;https://santacruzdesalinas.mg.gov.br/
Aldeias Altas;MA;https://www.transparencia.cmaldeiasaltas.ma.gov.br/
Santa Helena de Minas;MG;https://www.santahelenademinas.mg.gov.br/
Altamira do Maranhão;MA;https://transparencia.altamira.ma.gov.br/
Santo Antônio do Retiro;MG;https://santoantoniodoretiro.mg.gov.br/
Alto Parnaíba;MA;https://altoparnaiba.ma.gov.br/
São Domingos das Dores;MG;https://saodomingosdasdores.mg.gov.br/
Amarante do Maranhão;MA;https://www.amarante.ma.gov.br/
São Félix de Minas;MG;https://saofelixdeminas.mg.gov.br/
São Geraldo do Baixio;MG;https://saogeraldodobaixio.mg.gov.br/
Anapurus;MA;https://anapurus.ma.gov.br/
Araioses;MA;https://dom.araioses.ma.gov.br/
São João das Missões;MG;https://saojoaodasmissoes.mg.gov.br/
Arari;MA;https://arari.ma.gov.br/
São João do Pacuí;MG;https://www.saojoaodopacui.mg.gov.br/
Axixá;MA;https://axixa.ma.gov.br/
São Joaquim de Bicas;MG;https://www.saojoaquimdebicas.mg.gov.br/
São José da Barra;MG;https://www.saojosedabarra.mg.leg.br/
São Sebastião da Vargem Alegre;MG;https://saosebastiaodavargemalegre.mg.gov.br/
Balsas;MA;https://balsas.ma.gov.br/
São Sebastião do Anta;MG;https://cmsaosebastiaodoanta.mg.gov.br/
Barão de Grajaú;MA;https://www.baraodegrajau.ma.gov.br/
Sarzedo;MG;https://www.sarzedo.mg.gov.br/
Barra do Corda;MA;https://dom.barradocorda.ma.gov.br/
Setubinha;MG;https://setubinha.mg.gov.br/
Barreirinhas;MA;https://transparencia.barreirinhas.ma.gov.br/
Sem-Peixe;MG;https://sempeixe.mg.gov.br/do
Benedito Leite;MA;https://beneditoleite.ma.gov.br/
Serranópolis de Minas;MG;https://serranopolisdeminas.mg.gov.br/
Bequimão;MA;https://www.transparencia.bequimao.ma.gov.br/
Taparuba;MG;https://www.camarataparuba.mg.gov.br/
Brejo;MA;https://brejo.ma.gov.br/
Tocos do Moji;MG;https://tocosdomoji.mg.gov.br/do
Buriti;MA;https://www.buriti.ma.leg.br/
União de Minas;MG;https://uniaodeminas.mg.gov.br/
Buriti Bravo;MA;https://buritibravo.ma.gov.br/
Uruana de Minas;MG;https://uruanademinas.mg.gov.br/
Cajapió;MA;https://cajapio.ma.gov.br/
Vargem Alegre;MG;https://cmva.mg.gov.br/
Cajari;MA;https://www.cmcajari.ma.gov.br/diario-oficial
Vargem Grande do Rio Pardo;MG;https://vargemgrandedoriopardo.mg.gov.br/
Cândido Mendes;MA;https://transparencia.candidomendes.ma.gov.br/
Varjão de Minas;MG;https://varjaodeminas.mg.leg.br/
Cantanhede;MA;https://www.cantanhede.ma.gov.br/diariooficial.php
Verdelândia;MG;https://verdelandia.mg.gov.br/
Carolina;MA;https://carolina.ma.gov.br/
Veredinha;MG;https://veredinha.mg.gov.br/
Carutapera;MA;https://www.carutapera.ma.gov.br/
Vermelho Novo;MG;https://www.vermelhonovo.mg.gov.br/
Caxias;MA;https://caxias.ma.gov.br/
Brejetuba;ES;https://es.portaldatransparencia.com.br/prefeitura/brejetuba/
Cedral;MA;https://www.cedral.ma.gov.br/
Marataízes;ES;https://www.marataizes.es.gov.br/
Chapadinha;MA;https://chapadinha.ma.gov.br/
Ponto Belo;ES;https://diario.tcees.tc.br/
São Roque do Canaã;ES;https://www.saoroquedocanaa.es.gov.br/
Coelho Neto;MA;https://dom.coelhoneto.ma.gov.br/
Sooretama;ES;https://www.sooretama.es.gov.br/
Colinas;MA;https://ma.portaldatransparencia.com.br/prefeitura/colinas/
Vila Valério;ES;https://diario.tcees.tc.br/
Armação dos Búzios;RJ;https://portal.buzios.rj.gov.br/
Cururupu;MA;https://transparencia.cururupu.ma.gov.br/
Carapebus;RJ;https://carapebus.rj.gov.br/
Dom Pedro;MA;https://dompedro.ma.gov.br/
Iguaba Grande;RJ;https://iguaba.rj.gov.br/
Duque Bacelar;MA;https://www.duquebacelar.ma.gov.br/
Macuco;RJ;https://prefeituramacuco.rj.gov.br/
Esperantinópolis;MA;https://esperantinopolis.ma.gov.br/
Pinheiral;RJ;https://pinheiral.rj.gov.br/
Fortaleza dos Nogueiras;MA;https://www.fortalezadosnogueiras.ma.gov.br/diario-oficial
Porto Real;RJ;https://portoreal.rj.gov.br/
Fortuna;MA;https://fortuna.ma.gov.br/
São Francisco de Itabapoana;RJ;https://www.pmsfi.rj.gov.br/
Godofredo Viana;MA;https://godofredoviana.ma.gov.br/
São José de Ubá;RJ;https://saojosedeuba.rj.gov.br/
Gonçalves Dias;MA;https://cmgoncalvesdias.ma.gov.br/
Seropédica;RJ;https://seropedica.rj.gov.br/
Governador Archer;MA;https://transparencia.governadorarcher.ma.gov.br/
Governador Eugênio Barros;MA;https://governadorerugeniobarros.ma.gov.br/
Arco-Íris;SP;https://www.arcoiris.sp.gov.br/
Graça Aranha;MA;https://cmgracaaranha.ma.gov.br/
Brejo Alegre;SP;https://www.brejoalegre.sp.gov.br/
Grajaú;MA;https://grajau.ma.gov.br/
Canas;SP;https://www.canas.sp.gov.br/
Guimarães;MA;https://www.guimaraes.diariooficial.app.br/
Fernão;SP;http://www.fernao.sp.gov.br/
Humberto de Campos;MA;https://transparencia.humbertodecampos.ma.gov.br/
Gavião Peixoto;SP;http://diario.gaviaopeixoto.sp.gov.br/
Icatu;MA;https://www.icatu.ma.gov.br/
Ipiguá;SP;https://www.ipigua.sp.gov.br/
Igarapé Grande;MA;https://transparencia.igarapegrande.ma.gov.br/
Jumirim;SP;http://www.jumirim.sp.gov.br/
Imperatriz;MA;https://diariooficial.imperatriz.ma.gov.br/
Nantes;SP;https://nantes.sp.gov.br/
São Luís Gonzaga do Maranhão;MA;https://www.saoluisgonzaga.ma.gov.br/diario
Nova Castilho;SP;https://cmnovacastilho.sp.gov.br/
Itapecuru Mirim;MA;https://itapecurumirim.ma.gov.br/
Ouroeste;SP;https://www.ouroeste.sp.gov.br/
João Lisboa;MA;https://www.joaolisboa.ma.gov.br/diario-oficial
Paulistânia;SP;http://www.paulistania.sp.gov.br/diario-oficial-eletronico
Joselândia;MA;https://joselandia.ma.gov.br/
Pracinha;SP;https://www.pracinha.sp.gov.br/
Lago da Pedra;MA;https://www.lagodapedra.ma.gov.br/
Lago do Junco;MA;https://transparencia.lagodojunco.ma.gov.br/
Quadra;SP;http://diario.quadra.sp.gov.br/
Lago Verde;MA;https://lagoverde.ma.gov.br/
Ribeirão dos Índios;SP;https://www.ribeiraodosindios.sp.gov.br/
Lima Campos;MA;https://cmlimacampos.ma.gov.br/
Santa Cruz da Esperança;SP;https://www.santacruzdaesperanca.sp.gov.br/
Loreto;MA;https://www.diariooficial.cmloreto.ma.gov.br/
Santa Salete;SP;https://www.santasalete.sp.gov.br/
Luís Domingues;MA;https://www.transparencia.luisdomingues.ma.gov.br/testediario/index2
Magalhães de Almeida;MA;https://dom.magalhaesdealmeida.ma.gov.br/
Trabiju;SP;https://trabiju.sp.gov.br/
Mata Roma;MA;https://transparencia.mataroma.ma.gov.br/
Vitória Brasil;SP;https://www.vitoriabrasil.sp.gov.br/
Matinha;MA;https://www.matinha.ma.gov.br/
Arapuã;PR;https://www.domunicipios.com.br/pmarapua/
Matões;MA;https://matoes.ma.gov.br/
Ariranha do Ivaí;PR;https://www.ariranhadoivai.pr.gov.br/diariooficial/
Mirador;MA;https://www.mirador.ma.gov.br/
Bela Vista da Caroba;PR;https://www.belavistadacaroba.pr.gov.br/
Mirinzal;MA;https://transparencia.mirinzal.ma.gov.br/
Boa Ventura de São Roque;PR;https://www.boaventura.pr.gov.br/
Monção;MA;https://www.moncao.ma.gov.br/
Bom Jesus do Sul;PR;https://www.bomjesusdosul.pr.gov.br/
Montes Altos;MA;https://www.montesaltos.ma.gov.br/edicoes
Campina do Simão;PR;https://www.campinadosimao.pr.gov.br/
Morros;MA;https://www.morros.ma.gov.br/diario-oficial-eletronico
Campo Magro;PR;https://www.campomagro.pr.gov.br/
Nina Rodrigues;MA;https://www.diariooficial.ninarodrigues.ma.gov.br/
Carambeí;PR;https://www.carambei.pr.gov.br/
Nova Iorque;MA;https://novaiorque.ma.gov.br/
Coronel Domingos Soares;PR;http://pr.portaldatransparencia.com.br/prefeitura/coroneldomingossoares/
Olho d'Água das Cunhãs;MA;http://governotransparente.com.br/22889490
Cruzmaltina;PR;https://www.cruzmaltina.pr.gov.br/diariooficial/
Paço do Lumiar;MA;https://pacodolumiar.ma.gov.br/
Esperança Nova;PR;https://www.esperancanova.pr.gov.br/
Palmeirândia;MA;https://transparencia.palmeirandia.ma.gov.br/
Espigão Alto do Iguaçu;PR;https://espigaoaltodoiguacu.pr.gov.br/
Paraibano;MA;https://paraibano.ma.gov.br/
Fernandes Pinheiro;PR;https://www.fernandespinheiro.pr.gov.br/
Parnarama;MA;http://parnarama.ma.leg.br/
Foz do Jordão;PR;https://fozdojordao.pr.gov.br/
Passagem Franca;MA;https://www.passagemfranca.ma.gov.br/
Goioxim;PR;https://www.goioxim.pr.gov.br/
Pastos Bons;MA;https://www.pastosbons.ma.gov.br/
Guamiranga;PR;https://www.guamiranga.pr.gov.br/
Pedreiras;MA;https://www.pedreiras.ma.gov.br/diariooficial.php
Imbaú;PR;https://imbau.eloweb.net/portaltransparencia/1/
Penalva;MA;https://www.cmpenalva.ma.gov.br/diario-oficial
Manfrinópolis;PR;https://manfrinopolis.pr.gov.br/
Peri Mirim;MA;https://perimirim.ma.gov.br/
Marquinho;PR;http://www2.marquinho.pr.gov.br/
Pindaré-Mirim;MA;https://www.pindaremirim.ma.gov.br/
Perobal;PR;https://www.perobal.pr.gov.br/
Pinheiro;MA;https://diariooficial.pinheiro.ma.gov.br/
Pontal do Paraná;PR;https://www.pontaldoparana.pr.gov.br/
Pio XII;MA;https://ma.portaldatransparencia.com.br/prefeitura/pioxii/
Porto Barreiro;PR;https://www.portobarreiro.pr.gov.br/
Pirapemas;MA;https://www.pirapemas.ma.gov.br/
Prado Ferreira;PR;https://www.pradoferreira.pr.gov.br/
Poção de Pedras;MA;https://transparencia.cmpocaodepedras.ma.gov.br/
Quarto Centenário;PR;https://www.quartocentenario.pr.gov.br/
Porto Franco;MA;https://www.portofranco.ma.gov.br/diario-oficial
Reserva do Iguaçu;PR;https://www.reservadoiguacu.pr.gov.br/
Presidente Dutra;MA;https://www.presidentedutra.ma.gov.br/
Rio Branco do Ivaí;PR;https://www.riobrancodoivai.pr.gov.br/
Presidente Juscelino;MA;https://www.cmpresidentejuscelino.ma.gov.br/diario-oficial
Serranópolis do Iguaçu;PR;https://www.serranopolis.pr.gov.br/
Presidente Vargas;MA;https://www.presidentevargas.ma.gov.br/
Tamarana;PR;https://tamarana.pr.gov.br/
Primeira Cruz;MA;https://www.primeiracruz.ma.gov.br/
Alto Bela Vista;SC;https://servicos.altobelavista.sc.gov.br/
Riachão;MA;https://www.portal.riachao.ma.gov.br/
Balneário Arroio do Silva;SC;https://arroiodosilva.sc.gov.br/
São José de Ribamar;MA;https://www.saojosederibamar.ma.gov.br/
Balneário Gaivota;SC;https://www.balneariogaivota.sc.gov.br/
Rosário;MA;https://transparencia.rosario.ma.gov.br/
Bandeirante;SC;https://bandeirante.sc.gov.br/
Sambaíba;MA;https://www.sambaiba.ma.gov.br/
Barra Bonita;SC;https://barrabonita.sc.gov.br/
Santa Helena;MA;https://santahelena.ma.gov.br/
Bela Vista do Toldo;SC;https://www.pmbvt.sc.gov.br/
Santa Luzia;MA;https://santaluzia.ma.gov.br/diario-oficial
Bocaina do Sul;SC;https://bocainadosul.sc.gov.br/
Santa Quitéria do Maranhão;MA;https://santaquiteria.ma.gov.br/transparencia/expediente/
Santa Rita;MA;https://transparencia.santarita.ma.gov.br/
Bom Jesus do Oeste;SC;https://bomjesusdooeste.sc.gov.br/
Brunópolis;SC;https://brunopolis.sc.gov.br/
São Benedito do Rio Preto;MA;https://saobeneditodoriopreto.ma.gov.br/
Capão Alto;SC;https://capaoalto.sc.gov.br/
São Bento;MA;https://transparencia.saobento.ma.gov.br/
Chapadão do Lageado;SC;https://chapadãodolageado.sc.gov.br/
São Bernardo;MA;https://saobernardo.ma.gov.br/dom/
Cunhataí;SC;https://cunhatai.sc.gov.br/
São Domingos do Maranhão;MA;https://www.cmsaodomingos.ma.gov.br/
Entre Rios;SC;https://entrerios.sc.gov.br/
São Félix de Balsas;MA;https://www.saofelixdebalsas.ma.gov.br/
Ermo;SC;https://ermo.sc.gov.br/
São Francisco do Maranhão;MA;https://saofranciscodomaranhao.ma.gov.br/
Flor do Sertão;SC;https://flordosertao.sc.gov.br/
São João Batista;MA;https://saojoaobatista.ma.gov.br/
Frei Rogério;SC;https://freirogerio.sc.gov.br/
São João dos Patos;MA;https://www.cmsaojoaodospatos.ma.gov.br/diario-oficial
Ibiam;SC;https://ibiam.sc.gov.br/
São Luís;MA;https://diariooficial.saoluis.ma.gov.br/
Iomerê;SC;https://iomere.sc.gov.br/
São Mateus do Maranhão;MA;https://saomateusdomaranhao.ma.gov.br/
Jupiá;SC;https://jupia.sc.gov.br/
São Raimundo das Mangabeiras;MA;https://saoraimundodasmangabeiras.ma.gov.br/transparencia/dados-abertos
Luzerna;SC;https://luzerna.sc.gov.br/
São Vicente Ferrer;MA;https://transparencia.saovicenteferrer.ma.gov.br/
Paial;SC;https://paial.sc.gov.br/
Sítio Novo;MA;https://www.sitionovo.ma.gov.br/diario-oficial
Painel;SC;https://www.camarapainel.sc.gov.br/
Sucupira do Norte;MA;https://sucupiradonorte.ma.gov.br/
Palmeira;SC;https://palmeira.sc.gov.br/
Tasso Fragoso;MA;https://tassofragoso.ma.gov.br/diario-oficial
Princesa;SC;https://princesa.sc.gov.br/
Timbiras;MA;https://timbiras.ma.gov.br/
Saltinho;SC;https://saltinho.sc.gov.br/
Timon;MA;https://www.timon.ma.gov.br/diario-oficial/
Santa Terezinha do Progresso;SC;https://santaterezinhadoprogresso.sc.gov.br/
Tuntum;MA;https://tuntum.ma.gov.br/
Santiago do Sul;SC;https://santiagodosul.sc.gov.br/
Turiaçu;MA;https://turiacu.ma.gov.br/
São Bernardino;SC;https://saobernardino.sc.gov.br/
Tutóia;MA;https://tutoia.ma.gov.br/diariooficial/
São Pedro de Alcântara;SC;https://saopedrodealcantara.sc.gov.br/
Urbano Santos;MA;https://urbanosantos.ma.gov.br/
Tigrinhos;SC;https://tigrinhos.sc.gov.br/
Vargem Grande;MA;https://www.vargemgrande.ma.gov.br/diariooficial.php
Treviso;SC;https://treviso.sc.gov.br/
Viana;MA;https://www.cmviana.ma.gov.br/diario-oficial
Zortéa;SC;https://www.zortea.sc.leg.br/
Vitória do Mearim;MA;https://www.vitoriadomearim.ma.gov.br/
Araricá;RS;https://ararica.rs.gov.br/
Vitorino Freire;MA;https://vitorinofreire.ma.gov.br/
Balneário Pinhal;RS;https://balneariopinhal.rs.gov.br/
Bom Jardim;MA;https://www.bomjardim.ma.gov.br/
Barra do Quaraí;RS;https://barradoquarai.rs.gov.br/
Santa Inês;MA;https://santaines.ma.gov.br/
Benjamin Constant do Sul;RS;https://benjaminconstantdosul.rs.gov.br/
Paulo Ramos;MA;https://pauloramos.ma.gov.br/
Boa Vista do Sul;RS;https://boavistadosul.rs.gov.br/
Açailândia;MA;https://www.cmacailandia.ma.gov.br/diario-oficial
Capivari do Sul;RS;https://capivaridosul.rs.gov.br/
Estreito;MA;https://www.cmestreito.ma.gov.br/diario-oficial
Caraá;RS;https://caraa.rs.gov.br/diario-oficial/
Careiro da Várzea;AM;https://careirodavarzea.am.gov.br/
Guajará;AM;https://guajara.am.gov.br/
Chuí;RS;https://chui.rs.gov.br/
Apuí;AM;https://www.apui.am.leg.br/
Chuvisca;RS;https://chuvisca.rs.gov.br/
Teotônio Vilela;AL;https://www.municipioonline.com.br/al/prefeitura/teotoniovilela/cidadao/diariooficial
Cristal do Sul;RS;https://cristaldosul.rs.gov.br/
Forquilhinha;SC;https://forquilhinha.sc.gov.br/
Dilermando de Aguiar;RS;https://camaradilermandodeaguiar.rs.gov.br/
Theobroma;RO;https://theobroma.ro.gov.br/
Dom Pedro de Alcântara;RS;https://dompedrodealcantara.rs.gov.br/
Urupá;RO;https://urupa.ro.gov.br/
Doutor Ricardo;RS;https://doutorricardo.rs.leg.br/
Vale do Paraíso;RO;https://valedoparaiso.ro.gov.br/
Esperança do Sul;RS;https://esperancadosul.rs.gov.br/
Corumbiara;RO;https://corumbiara.ro.gov.br/
Estrela Velha;RS;https://estrelavelha.doeletronico.com.br/
Catunda;CE;https://catunda.ce.gov.br/
Fazenda Vilanova;RS;https://fazendavilanova.rs.gov.br/
Jijoca de Jericoacoara;CE;https://jijocadejericoacoara.ce.gov.br/
Floriano Peixoto;RS;https://www.florianopeixoto.rs.gov.br/
Fortim;CE;https://fortim.ce.gov.br/
Herveiras;RS;https://www.herveiras.rs.gov.br/
Ararendá;CE;https://ararenda.ce.gov.br/
Itaara;RS;https://www.itaara.rs.leg.br/
Itaitinga;CE;http://ce.portaldatransparencia.com.br/prefeitura/itaitinga/
Jari;RS;https://www.jari.rs.gov.br/
Choró;CE;https://choro.ce.gov.br/
Maçambará;RS;https://www.camaramacambara.rs.gov.br/
Coivaras;PI;https://coivaras.pi.gov.br/
Mampituba;RS;https://mampituba.rs.gov.br/
Jardim do Mulato;PI;https://jardimdomulato.pi.gov.br/
Marques de Souza;RS;https://marquesdesouza.rs.gov.br/
Lagoa Alegre;PI;https://lagoaalegre.pi.gov.br/
Monte Alegre dos Campos;RS;https://montealegredoscampos.rs.gov.br/
Agricolândia;PI;https://agricolandia.pi.gov.br/
Muitos Capões;RS;https://muitoscapoes.rs.gov.br/
Água Branca;PI;https://aguabranca.pi.gov.br/
Nova Candelária;RS;https://novacandelaria.rs.gov.br/
Alto Longá;PI;https://altolonga.pi.gov.br/
Nova Ramada;RS;https://novaramada.rs.gov.br/
Altos;PI;https://altos.pi.gov.br/
Novo Cabrais;RS;https://novocabrais.rs.gov.br/
Amarante;PI;http://amarante.pi.gov.br/
Passa Sete;RS;https://passasete.doeletronico.com.br/
Angical do Piauí;PI;https://angicaldopiaui.pi.gov.br/
Senador Salgado Filho;RS;https://senadorsalgadofilho.rs.gov.br/
Anísio de Abreu;PI;https://anisiodeabreu.pi.gov.br/
Sete de Setembro;RS;https://setedesetembro.rs.gov.br/
Antônio Almeida;PI;https://antonioalmeida.pi.gov.br/
Tabaí;RS;https://tabai.rs.gov.br/
Aroazes;PI;https://aroazes.pi.gov.br/
Toropi;RS;https://toropi.rs.gov.br/
Arraial;PI;https://arraial.pi.gov.br/
Turuçu;RS;https://turuçu.rs.gov.br/
Avelino Lopes;PI;https://avelinopes.pi.gov.br/
Ubiretama;RS;https://ubiretama.rs.gov.br/
Barras;PI;https://barras.pi.gov.br/
Unistalda;RS;https://unistalda.rs.gov.br/
Barreiras do Piauí;PI;https://barreirasdopiaui.pi.gov.br/
Vale Verde;RS;https://valeverde.rs.gov.br/
Barro Duro;PI;https://barroduro.pi.gov.br/
Vespasiano Corrêa;RS;https://vespasianocorrea.rs.gov.br/
Batalha;PI;https://batalha.pi.gov.br/
Vila Lângaro;RS;https://vilalangaro.rs.gov.br/
Beneditinos;PI;https://beneditinos.pi.gov.br/
Campos de Júlio;MT;https://www.camposdejulio.mt.gov.br/
Bertolínia;PI;https://bertolinia.pi.gov.br/
Carlinda;MT;https://www.carlinda.mt.gov.br/
Bocaina;PI;https://bocaina.pi.gov.br/
Feliz Natal;MT;https://www.feliznatal.mt.gov.br/
Gaúcha do Norte;MT;https://www.gauchadonorte.mt.gov.br/
Buriti dos Lopes;PI;https://buritidoslopes.pi.gov.br/
Nova Lacerda;MT;https://www.novalacerda.mt.gov.br/
Campinas do Piauí;PI;https://campinasdopiaui.pi.gov.br/
Nova Ubiratã;MT;https://novaubirata.mt.gov.br/
Campo Maior;PI;https://campomaior.pi.gov.br/
Novo Mundo;MT;https://novomundo.mt.gov.br/
Canto do Buriti;PI;https://cantodoburiti.pi.gov.br/
Sapezal;MT;https://sapezal.mt.gov.br/
Capitão de Campos;PI;https://capitaodecampos.pi.gov.br/
União do Sul;MT;https://uniaodosul.mt.gov.br/
Caracol;PI;https://caracol.pi.gov.br/
Abadia de Goiás;GO;https://abadiadegoias.go.gov.br/
Castelo do Piauí;PI;https://camaracastelodopiaui.pi.gov.br/
Águas Lindas de Goiás;GO;https://aguaslindasdegoias.go.gov.br/
Cocal;PI;https://cocal.pi.gov.br/
Amaralina;GO;https://amaralina.go.gov.br/
Conceição do Canindé;PI;https://conceicaodocaninde.pi.gov.br/
Bonópolis;GO;https://bonopolis.go.gov.br/
Corrente;PI;https://corrente.pi.gov.br/
Novo Gama;GO;https://novogama.go.gov.br/
Cristalândia do Piauí;PI;https://cristalandiadopiaui.pi.gov.br/
Porteirão;GO;https://porteirao.go.gov.br/
Cristino Castro;PI;https://cristinocastro.pi.gov.br/
Santa Rita do Novo Destino;GO;https://santaritadonovodestino.go.gov.br/
Curimatá;PI;https://curimata.pi.gov.br/
São Patrício;GO;https://saopatricio.go.gov.br/
Demerval Lobão;PI;https://demervallobao.pi.gov.br/
Valparaíso de Goiás;GO;https://valparaisodegoias.go.gov.br/
Dom Expedito Lopes;PI;https://domexpeditolopes.pi.gov.br/
Vila Propício;GO;https://vilapropicio.go.gov.br/
Elesbão Veloso;PI;https://elesbaoveloso.pi.gov.br/
Eliseu Martins;PI;https://eliseumartins.pi.gov.br/
Esperantina;PI;https://esperantina.pi.gov.br/
Flores do Piauí;PI;https://floresdopiaui.pi.gov.br/
Floriano;PI;https://floriano.pi.gov.br/
Francinópolis;PI;https://francinopolis.pi.gov.br/
Francisco Ayres;PI;https://franciscoayres.pi.gov.br/
Francisco Santos;PI;https://transparencia.franciscosantos.pi.gov.br/franciscosantos/informacoesgerais/leis?tipolei=435&page=26
Fronteiras;PI;https://fronteiras.pi.gov.br/
Gilbués;PI;https://gilbues.pi.gov.br/
Guadalupe;PI;https://guadalupe.pi.gov.br/
Hugo Napoleão;PI;https://hugonapoleao.pi.gov.br/
Inhuma;PI;https://inhuma.pi.gov.br/
Santa Cruz do Xingu;MT;https://santacruzdochingu.mt.gov.br/
Ipiranga do Piauí;PI;https://ipirangadopiaui.pi.gov.br/
Santa Rita do Trivelato;MT;https://santaritadotrivelato.mt.gov.br/
Isaías Coelho;PI;https://isaiascoelho.pi.gov.br/
Santo Antônio do Leste;MT;https://santoantoniodoleste.mt.gov.br/
Itainópolis;PI;https://itainopolis.pi.gov.br/
Serra Nova Dourada;MT;https://serranovadourada.mt.gov.br/
Itaueira;PI;https://itaueira.pi.gov.br/
Vale de São Domingos;MT;https://valedesaodomingos.mt.gov.br/
Jaicós;PI;https://jaicos.pi.gov.br/
Pau D'Arco do Piauí;PI;https://paudarco.pi.gov.br/
Jerumenha;PI;https://jerumenha.pi.gov.br/
Joaquim Pires;PI;https://joaquimpires.pi.gov.br/
Jundiá;RN;https://jundia.rn.gov.br/
José de Freitas;PI;https://josedefreitas.pi.gov.br/
Landri Sales;PI;https://landrisales.pi.gov.br/
Luís Correia;PI;https://luiscorreia.pi.gov.br/
Luzilândia;PI;https://luzilandia.pi.gov.br/
Mesquita;RJ;https://mesquita.rj.gov.br/
Manoel Emídio;PI;https://manoelemidio.pi.gov.br/
Aceguá;RS;https://acegua.rs.gov.br/
Marcos Parente;PI;https://marcosparente.pi.gov.br/
Almirante Tamandaré do Sul;RS;https://almirantetamandaredosul.rs.gov.br/
Matias Olímpio;PI;https://matiasolimpio.pi.gov.br/
Arroio do Padre;RS;https://arroiodopadre.rs.gov.br/
Miguel Alves;PI;https://miguelalves.pi.gov.br/
Boa Vista do Cadeado;RS;https://boavistadocadeado.rs.gov.br/
Miguel Leão;PI;https://miguelleao.pi.gov.br/
Boa Vista do Incra;RS;https://boavistadoincra.rs.gov.br/
Monsenhor Gil;PI;https://monsenhorgil.pi.gov.br/
Bozano;RS;https://bozano.rs.gov.br/
Monsenhor Hipólito;PI;https://monsenhorhipolito.pi.gov.br/
Canudos do Vale;RS;https://canudosdovale.rs.gov.br/
Monte Alegre do Piauí;PI;https://montealegredopiaui.pi.gov.br/
Capão Bonito do Sul;RS;https://www.capaobonitodosul.rs.gov.br/doe/
Nazaré do Piauí;PI;https://nazaredopiaui.pi.gov.br/
Capão do Cipó;RS;https://capaodocipo.rs.gov.br/
Nossa Senhora dos Remédios;PI;https://nossasenhoradosremedios.pi.gov.br/
Coqueiro Baixo;RS;https://coqueirobaixo.rs.gov.br/
Novo Oriente do Piauí;PI;https://novoorientedopiaui.pi.gov.br/
Coronel Pilar;RS;https://coronelpilar.rs.gov.br/
Oeiras;PI;https://oeiras.pi.gov.br/
Cruzaltense;RS;https://cruzaltense.rs.gov.br/
Domingos Mourão;PI;https://domingosmourão.pi.gov.br/
Forquetinha;RS;https://forquetinha.rs.gov.br/
Padre Marcos;PI;https://padremarcos.pi.gov.br/
Itati;RS;https://itati.rs.gov.br/
Paes Landim;PI;https://paeslandim.pi.gov.br/
Jacuizinho;RS;https://www.jacuizinho.rs.gov.br/
Palmeira do Piauí;PI;https://palmeiradopiaui.pi.gov.br/
Lagoa Bonita do Sul;RS;https://lagoabonitadosul.rs.gov.br/
Palmeirais;PI;https://palmeirais.pi.gov.br/
Mato Queimado;RS;https://matoqueimado.rs.gov.br/
Parnaguá;PI;https://parnagua.pi.gov.br/
Novo Xingu;RS;https://novoxingu.rs.gov.br/
Parnaíba;PI;https://dom.parnaiba.pi.gov.br/
Paulo Bento;RS;https://paulobento.rs.gov.br/
Paulistana;PI;https://paulistana.pi.gov.br/
Pedras Altas;RS;https://www.pedrasaltas.rs.gov.br/
Pedro II;PI;https://pedroii.pi.gov.br/
Pinhal da Serra;RS;https://pinhalda-serra.rs.gov.br/
Picos;PI;https://www2.picos.pi.gov.br/
Pinto Bandeira;RS;https://www.pintobandeira.rs.gov.br/
Pimenteiras;PI;https://pimenteiras.pi.gov.br/
Quatro Irmãos;RS;https://www.dioe.com.br/quatroirmaos
Pio IX;PI;https://pioix.pi.gov.br/
Rolador;RS;https://rolador.rs.gov.br/
Piracuruca;PI;https://piracuruca.pi.gov.br/
Santa Cecília do Sul;RS;https://santaceciliadosul.rs.gov.br/
Piripiri;PI;https://piripiri.pi.gov.br/
Santa Margarida do Sul;RS;https://santamargaridadosul.rs.gov.br/
Porto;PI;https://porto.pi.gov.br/
São José do Sul;RS;https://saojosedosul.rs.gov.br/
Prata do Piauí;PI;https://pratadopiaui.pi.gov.br/
São Pedro das Missões;RS;https://saopedrodasmissoes.rs.gov.br/
Redenção do Gurguéia;PI;https://redencaodogurgueia.pi.gov.br/
Tio Hugo;RS;https://tiohugo.rs.gov.br/
Regeneração;PI;https://regeneracao.pi.gov.br/
Westfália;RS;https://westfalia.rs.gov.br/
Ribeiro Gonçalves;PI;https://ribeirogoncalves.pi.gov.br/
Figueirão;MS;https://www.figueirao.ms.gov.br/
Rio Grande do Piauí;PI;https://riograndedopiaui.pi.gov.br/
Santa Cruz do Piauí;PI;https://santacruz.pi.gov.br/
Santa Filomena;PI;https://santafilomena.pi.gov.br/
Ipiranga do Norte;MT;https://ipirangadonorte.mt.gov.br/
Santa Luz;PI;https://santaluz.pi.gov.br/
Itanhangá;MT;https://itanhanga.mt.gov.br/
Santo Antônio de Lisboa;PI;https://santoantoniodelisboa.pi.gov.br/
Aroeiras do Itaim;PI;https://aroeirasdoitaim.pi.gov.br/
Santo Inácio do Piauí;PI;https://santoinaciodopiaui.pi.gov.br/
São Félix do Piauí;PI;https://saofelixdopiaui.pi.gov.br/
São Francisco do Piauí;PI;https://ipmsf.com.br/
São Gonçalo do Piauí;PI;https://saogoncalodopiaui.pi.gov.br/
São João da Serra;PI;https://saojoaodaserra.pi.gov.br/
São João do Piauí;PI;https://saojoaodopiaui.pi.gov.br/
São José do Peixe;PI;https://saojosedopeixe.pi.gov.br/
São José do Piauí;PI;https://saojosedopiaui.pi.gov.br/
São Julião;PI;https://saojuliao.pi.gov.br/
São Miguel do Tapuio;PI;https://saomigueldotapuio.pi.gov.br/
São Pedro do Piauí;PI;https://saopedrodopiaui.pi.gov.br/
São Raimundo Nonato;PI;https://saoraimundononato.pi.gov.br/
Simões;PI;https://simoes.pi.gov.br/
Simplício Mendes;PI;https://simpliciomendes.pi.gov.br/
Socorro do Piauí;PI;https://socorrodopiaui.pi.gov.br/
Teresina;PI;https://doempi.org/doempi/
União;PI;https://uniao.pi.leg.br/
Uruçuí;PI;https://urucui.pi.gov.br/
Valença do Piauí;PI;https://valencadopiaui.pi.gov.br/
Várzea Grande;PI;https://varzeagrande.pi.gov.br/
Dirceu Arcoverde;PI;https://dirceuarcoverde.pi.gov.br/
Acarape;CE;https://acarape.ce.gov.br/
Banabuiú;CE;https://banabuiu.ce.gov.br/
Barreira;CE;https://barreira.ce.gov.br/
Barroquinha;CE;http://ce.portaldatransparencia.com.br/prefeitura/barroquinha/
Chorozinho;CE;https://chorozinho.ce.gov.br/
Croatá;CE;https://www.croata.ce.gov.br/diario-oficial.php
Deputado Irapuan Pinheiro;CE;https://deputadoirapuanpinheiro.ce.gov.br/
Ereré;CE;https://erere.ce.gov.br/
Eusébio;CE;http://ce.portaldatransparencia.com.br/prefeitura/eusebio/
Graça;CE;https://graca.ce.gov.br/
Guaiúba;CE;https://guaiuba.ce.gov.br/
Horizonte;CE;https://horizonte.aexecutivo.com.br/arquivos_download.php?id=154&pg=diariooficial
Ibaretama;CE;https://ibaretama.ce.gov.br/
Ibicuitinga;CE;https://ibicuitinga.ce.gov.br/
Ipaporanga;CE;http://ce.portaldatransparencia.com.br/prefeitura/ipaporanga/
Madalena;CE;https://madalena.ce.gov.br/
Miraíma;CE;https://miraima.ce.gov.br/
Ocara;CE;https://ocara.ce.gov.br/
Pindoretama;CE;https://camarapindoretama.ce.gov.br/
Pires Ferreira;CE;https://piresferreira.ce.gov.br/
Potiretama;CE;https://potiretama.ce.gov.br/
Salitre;CE;https://salitre.ce.gov.br/
Tarrafas;CE;https://tarrafas.ce.gov.br/
Tejuçuoca;CE;https://tejucuoca.ce.gov.br/
Tururu;CE;https://tururu.ce.gov.br/
Arame;MA;https://www.arame.ma.gov.br/arquivos_download.php?id=650&pg=diariooficial
Miranda do Norte;MA;https://transparencia.mirandadonorte.ma.gov.br/index.php?class=export_file&method=export_file_pdf&token=1549&type=DocumentoDiario&extension=PDF
Santa Luzia do Paruá;MA;https://www.santaluziadoparua.ma.gov.br/arquivos_download.php?id=922&pg=diariooficial
Zé Doca;MA;https://zedoca.ma.gov.br/
Dom Inocêncio;PI;https://dominocencio.pi.gov.br/
São João da Canabrava;PI;https://saojoaodacanabrava.pi.gov.br/
Passagem Franca do Piauí;PI;https://passagemfrancadopiaui.pi.gov.br/
Santa Cruz dos Milagres;PI;https://santacruzdosmilagres.pi.gov.br/
Buriti dos Montes;PI;https://buritidosmontes.pi.gov.br/
Cabeceiras do Piauí;PI;https://cabeceirasdopiaui.pi.gov.br/
Abaiara;CE;http://ce.portaldatransparencia.com.br/prefeitura/abaiara/
Acaraú;CE;https://acarau.ce.gov.br/
Acopiara;CE;http://ce.portaldatransparencia.com.br/prefeitura/acopiara/
Aiuaba;CE;https://www.aiuaba.ce.gov.br/institucional.php
Alcântaras;CE;https://alcantaras.ce.gov.br/publicacoes/leis/visualizar/4176
Altaneira;CE;https://altaneira.ce.gov.br/
Alto Santo;CE;https://altosanto.ce.gov.br/
Antonina do Norte;CE;https://antoninadonorte.ce.gov.br/
Apuiarés;CE;https://apuiares.ce.gov.br/
Aquiraz;CE;http://ce.portaldatransparencia.com.br/prefeitura/aquiraz/
Aracati;CE;https://aracati.ce.gov.br/
Aracoiaba;CE;https://www.dosp.com.br/exibe_do.php?i=MjY5MTky
Araripe;CE;https://araripe.ce.gov.br/
Aratuba;CE;http://ce.portaldatransparencia.com.br/prefeitura/aratuba/pt/
Arneiroz;CE;https://www.arneiroz.ce.gov.br/multimidia/licitacao/file-83ab131b5e3e037e64b6bb374d901db0.pdf
Assaré;CE;http://ce.portaldatransparencia.com.br/prefeitura/assare/
Aurora;CE;https://cmaurora.ce.gov.br/materias/826
Baixio;CE;https://baixio.ce.gov.br/
Barbalha;CE;http://ce.portaldatransparencia.com.br/prefeitura/barbalha/
Barro;CE;http://ce.portaldatransparencia.com.br/prefeitura/barro/
Baturité;CE;https://baturite.ce.gov.br/
Beberibe;CE;http://ce.portaldatransparencia.com.br/prefeitura/beberibe/
Bela Cruz;CE;https://belacruz.ce.gov.br/
Boa Viagem;CE;https://www.boaviagem.ce.gov.br/normativosproprios.php?A_PREFEITURA=&pagina=1
Brejo Santo;CE;http://ce.portaldatransparencia.com.br/prefeitura/brejosanto/
Camocim;CE;https://camocim.ce.gov.br/
Campos Sales;CE;https://campossales.ce.gov.br/
Capistrano;CE;https://capistrano.ce.gov.br/
Caridade;CE;https://caridade.ce.gov.br/
Cariré;CE;http://ce.portaldatransparencia.com.br/prefeitura/carire/
Caririaçu;CE;http://ce.portaldatransparencia.com.br/prefeitura/caririacu/
Cariús;CE;http://ce.portaldatransparencia.com.br/prefeitura/carius/
Carnaubal;CE;https://carnaubal.ce.gov.br/
Cascavel;CE;https://cascavel.ce.gov.br/
Catarina;CE;https://catarina.ce.gov.br/
Cedro;CE;http://ce.portaldatransparencia.com.br/prefeitura/cedro/
Chaval;CE;https://chaval.ce.gov.br/diario-oficial/
Sigefredo Pacheco;PI;https://sigefredopacheco.pi.gov.br/
Coreaú;CE;http://ce.portaldatransparencia.com.br/prefeitura/coreau/
Crateús;CE;http://ce.portaldatransparencia.com.br/prefeitura/crateus/
Crato;CE;http://ce.portaldatransparencia.com.br/prefeitura/crato/
Farias Brito;CE;https://www.fariasbrito.ce.gov.br/
Fortaleza;CE;https://www.tce.ce.gov.br/diario-oficial/consulta-por-data-de-edicao
Frecheirinha;CE;https://www.frecheirinha.ce.gov.br/normativosproprios.php?pagina=4
General Sampaio;CE;https://generalsampaio.ce.gov.br/
Granja;CE;https://granja.ce.gov.br/
Granjeiro;CE;https://granjeiro.ce.gov.br/
Groaíras;CE;https://groairas.ce.gov.br/
Guaraciaba do Norte;CE;https://cmguaraciabadonorte.ce.gov.br/proposicao/828/documento-view
Guaramiranga;CE;https://guaramiranga.ce.gov.br/
Ibiapina;CE;http://ce.portaldatransparencia.com.br/prefeitura/ibiapina/
Icó;CE;http://ce.portaldatransparencia.com.br/prefeitura/ico/
Iguatu;CE;http://ce.portaldatransparencia.com.br/prefeitura/iguatu/
Independência;CE;https://independencia.ce.gov.br/
Ipaumirim;CE;https://ipaumirim.ce.gov.br/
Ipu;CE;https://ipu.ce.gov.br/
Ipueiras;CE;https://ipueiras.ce.gov.br/
Iracema;CE;http://ce.portaldatransparencia.com.br/prefeitura/iracema/
Irauçuba;CE;https://iraucuba.ce.gov.br/
Itaiçaba;CE;https://itaicaba.ce.gov.br/
Itapajé;CE;https://itapaje.ce.gov.br/
Itapipoca;CE;http://ce.portaldatransparencia.com.br/prefeitura/itapipoca/
Itapiúna;CE;https://itapiuna.ce.gov.br/
Itatira;CE;https://itatira.ce.gov.br/
Jaguaretama;CE;https://jaguaretama.ce.gov.br/
Jaguaribara;CE;https://jaguaribara.ce.gov.br/
Jaguaruana;CE;https://jaguaruana.ce.gov.br/
Jardim;CE;https://jardim.ce.gov.br/
Jati;CE;https://jati.ce.gov.br/
Juazeiro do Norte;CE;https://camarajuazeiro.ce.gov.br/wp-content/uploads/2025/08/LEI-N%C2%B0-5879-DE-11-DE-AGOSTO-DE-2025.pdf
Jucás;CE;https://jucas.ce.gov.br/pdfs/diariooficialeletronico/ano1/ano1_01.pdf
Lavras da Mangabeira;CE;https://lavrasdamangabeira.ce.gov.br/normativosproprios.php?A_PREFEITURA=&pagina=137
Limoeiro do Norte;CE;https://limoeirodonorte.ce.gov.br/
Maranguape;CE;http://ce.portaldatransparencia.com.br/prefeitura/maranguape/
Marco;CE;https://marco.ce.gov.br/
Martinópole;CE;https://martinopole.ce.gov.br/
Massapê;CE;https://massape.ce.gov.br/
Mauriti;CE;http://ce.portaldatransparencia.com.br/prefeitura/mauriti/
Meruoca;CE;https://meruoca.ce.gov.br/normativosproprios.php?PREFEITURA=&pagina=57
Milagres;CE;https://milagres.ce.gov.br/
Missão Velha;CE;https://missaovelha.ce.gov.br/
Mombaça;CE;http://ce.portaldatransparencia.com.br/prefeitura/mombaca/
Monsenhor Tabosa;CE;https://monsenhortabosa.ce.gov.br/
Morada Nova;CE;https://moradanova.ce.gov.br/
Moraújo;CE;https://moraujo.ce.gov.br/
Morrinhos;CE;https://morrinhos.ce.gov.br/
Mucambo;CE;http://ce.portaldatransparencia.com.br/prefeitura/mucambo/
Mulungu;CE;https://mulungu.ce.gov.br/
Nova Olinda;CE;https://novaolinda.ce.gov.br/
Nova Russas;CE;https://novarussas.ce.gov.br/
Novo Oriente;CE;https://www.novooriente.ce.gov.br/leis.php?pagina=12
Orós;CE;http://ce.portaldatransparencia.com.br/prefeitura/oros/
Pacajus;CE;https://www.pacajus.ce.gov.br/diariooficial.php
Pacatuba;CE;http://ce.portaldatransparencia.com.br/prefeitura/pacatuba/
Pacoti;CE;https://pacoti.ce.gov.br/
Pacujá;CE;https://www.pacuja.ce.gov.br/diario-oficial.php
Palhano;CE;https://www.palhano.ce.gov.br/
Palmácia;CE;https://palmacia.ce.gov.br/
Paracuru;CE;http://ce.portaldatransparencia.com.br/prefeitura/paracuru/
Parambu;CE;https://camaraparambu.ce.gov.br/
Paramoti;CE;https://www.paramoti.ce.gov.br/diariooficial.php?id=486
Pedra Branca;CE;https://pedrabranca.ce.gov.br/
Penaforte;CE;https://penaforte.ce.gov.br/
Pentecoste;CE;https://pentecoste.ce.gov.br/
Pereiro;CE;https://pereiro.ce.gov.br/
Piquet Carneiro;CE;https://piquetcarneiro.ce.gov.br/
Poranga;CE;http://ce.portaldatransparencia.com.br/prefeitura/poranga/
Porteiras;CE;https://porteiras.ce.gov.br/
Potengi;CE;https://potengi.ce.gov.br/
Quixadá;CE;https://quixada.ce.gov.br/
Quixeramobim;CE;http://ce.portaldatransparencia.com.br/prefeitura/quixeramobim/
Quixeré;CE;https://quixere.ce.gov.br/
Redenção;CE;http://ce.portaldatransparencia.com.br/prefeitura/redencao/
Reriutaba;CE;https://reriutaba.ce.gov.br/
Russas;CE;http://ce.portaldatransparencia.com.br/prefeitura/russas/
Saboeiro;CE;https://www.saboeiro.ce.gov.br/dispensaeinexigibilidade.php
Santana do Acaraú;CE;https://santanadoacarau.ce.gov.br/
Santana do Cariri;CE;https://santanadocariri.ce.gov.br/
Santa Quitéria;CE;https://www.santaquiteria.ce.gov.br/arquivos/168/LEIS_900_2016_0000001.pdf
São Benedito;CE;https://saobenedito.ce.gov.br/
São João do Jaguaribe;CE;https://saojoaodojaguaribe.ce.gov.br/
São Luís do Curu;CE;https://saoluisdocuru.ce.gov.br/
Senador Pompeu;CE;https://senadorpompeu.ce.gov.br/
Senador Sá;CE;https://senadorsace.gov.br/
Sobral;CE;https://transparencia.sobral.ce.gov.br/
Solonópole;CE;https://solonopole.ce.gov.br/
Tabuleiro do Norte;CE;https://tabuleirodonorte.ce.gov.br/
Tamboril;CE;https://tamboril.ce.gov.br/
Tauá;CE;https://taua.ce.gov.br/decretos.php?id=215
Tianguá;CE;http://ce.portaldatransparencia.com.br/prefeitura/tiangua/
Trairi;CE;http://ce.portaldatransparencia.com.br/prefeitura/trairi/
Ubajara;CE;https://ubajara.ce.gov.br/
Umari;CE;https://umari.ce.gov.br/
Uruburetama;CE;http://ce.portaldatransparencia.com.br/prefeitura/uruburetama/
Uruoca;CE;https://uruoca.ce.gov.br/leis.php?id=175
Várzea Alegre;CE;https://varzeaalegre.ce.gov.br/
Viçosa do Ceará;CE;https://www.vicosa.ce.gov.br/relatorio.php?id=20&rel=&val=
Maracanaú;CE;http://ce.portaldatransparencia.com.br/prefeitura/maracanau/
Amontada;CE;https://amontada.ce.gov.br/
Cruz;CE;https://cruz.ce.gov.br/
Forquilha;CE;https://forquilha.ce.gov.br/
Icapuí;CE;http://ce.portaldatransparencia.com.br/prefeitura/icapui/
Itarema;CE;http://ce.portaldatransparencia.com.br/prefeitura/itarema/
Milhã;CE;https://milha.ce.gov.br/
Paraipaba;CE;http://ce.portaldatransparencia.com.br/prefeitura/paraipaba/
Acari;RN;https://rn.portaldatransparencia.com.br/prefeitura/acari/
Açu;RN;https://acu.rn.gov.br/
Afonso Bezerra;RN;https://rn.portaldatransparencia.com.br/prefeitura/afonsobezerra/
Água Nova;RN;https://rn.portaldatransparencia.com.br/prefeitura/aguanova/
Alexandria;RN;https://rn.portaldatransparencia.com.br/prefeitura/alexandria/
Almino Afonso;RN;https://rn.portaldatransparencia.com.br/prefeitura/alminoafonso/
Alto do Rodrigues;RN;https://rn.portaldatransparencia.com.br/prefeitura/altodorodrigues/
Angicos;RN;https://rn.portaldatransparencia.com.br/prefeitura/angicos/
Antônio Martins;RN;https://antoniomartins.rn.gov.br/
Apodi;RN;https://rn.portaldatransparencia.com.br/prefeitura/apodi/
Areia Branca;RN;https://rn.portaldatransparencia.com.br/prefeitura/areiabranca/
Arês;RN;https://ares.rn.gov.br/
Campo Grande;RN;https://rn.portaldatransparencia.com.br/prefeitura/campogrande/
Baía Formosa;RN;https://baiaformosa.rn.gov.br/
Barcelona;RN;https://rn.portaldatransparencia.com.br/prefeitura/barcelona/
Bento Fernandes;RN;https://rn.portaldatransparencia.com.br/prefeitura/bentofernandes/
Bom Jesus;RN;https://rn.portaldatransparencia.com.br/prefeitura/bomjesus/
Brejinho;RN;https://rn.portaldatransparencia.com.br/prefeitura/brejinho/
Caiçara do Rio do Vento;RN;https://rn.portaldatransparencia.com.br/prefeitura/caicaradoriodovento/
Caicó;RN;https://rn.portaldatransparencia.com.br/prefeitura/caico/
Campo Redondo;RN;https://rn.portaldatransparencia.com.br/prefeitura/camporedondo/
Canguaretama;RN;https://rn.portaldatransparencia.com.br/prefeitura/canguaretama/
Caraúbas;RN;https://rn.portaldatransparencia.com.br/prefeitura/caraubas/
Carnaúba dos Dantas;RN;https://www.carnaubadosdantas.rn.gov.br/
Carnaubais;RN;https://carnaubais.rn.gov.br/
Ceará-Mirim;RN;https://rn.portaldatransparencia.com.br/prefeitura/cearamirim/
Cerro Corá;RN;https://rn.portaldatransparencia.com.br/prefeitura/cerrocora/
Coronel Ezequiel;RN;https://coronelezequiel.rn.gov.br/
Coronel João Pessoa;RN;https://coroneljoaopessoa.rn.gov.br/
Cruzeta;RN;https://rn.portaldatransparencia.com.br/prefeitura/cruzeta/
Currais Novos;RN;https://rn.portaldatransparencia.com.br/prefeitura/curraisnovos/
Doutor Severiano;RN;https://rn.portaldatransparencia.com.br/prefeitura/doutorseveriano/
Encanto;RN;https://rn.portaldatransparencia.com.br/prefeitura/encanto/
Equador;RN;https://equador.rn.gov.br/
Espírito Santo;RN;https://rn.portaldatransparencia.com.br/prefeitura/espiritosanto/
Extremoz;RN;https://rn.portaldatransparencia.com.br/prefeitura/extremoz/
Felipe Guerra;RN;https://rn.portaldatransparencia.com.br/prefeitura/felipeguerra/
Florânia;RN;https://rn.portaldatransparencia.com.br/prefeitura/florania/
Francisco Dantas;RN;https://franciscodantas.rn.gov.br/
Galinhos;RN;https://galinhos.rn.gov.br/
Goianinha;RN;https://rn.portaldatransparencia.com.br/prefeitura/goianinha/
Governador Dix-Sept Rosado;RN;https://rn.portaldatransparencia.com.br/prefeitura/governadordixseptrosado/
Grossos;RN;https://rn.portaldatransparencia.com.br/prefeitura/grossos/
Guamaré;RN;https://rn.portaldatransparencia.com.br/prefeitura/guamare/
Ielmo Marinho;RN;https://rn.portaldatransparencia.com.br/prefeitura/ielmomarinho/
Ipanguaçu;RN;https://rn.portaldatransparencia.com.br/prefeitura/ipanguacu/
Ipueira;RN;https://rn.portaldatransparencia.com.br/prefeitura/ipueira/
Itaú;RN;https://rn.portaldatransparencia.com.br/prefeitura/itau/
Jaçanã;RN;https://rn.portaldatransparencia.com.br/prefeitura/jacana/
Jandaíra;RN;https://jandaira.rn.gov.br/
Janduís;RN;https://rn.portaldatransparencia.com.br/prefeitura/janduis/
Januário Cicco;RN;https://januariocicco.rn.gov.br/
Japi;RN;https://rn.portaldatransparencia.com.br/prefeitura/japi/
Jardim de Angicos;RN;https://jardimdeangicos.rn.gov.br/
Jardim de Piranhas;RN;https://rn.portaldatransparencia.com.br/prefeitura/jardimdepiranhas/
Jardim do Seridó;RN;https://jardimdoserido.rn.gov.br/
João Câmara;RN;https://rn.portaldatransparencia.com.br/prefeitura/joaocamara/
João Dias;RN;https://rn.portaldatransparencia.com.br/prefeitura/joaodias/
José da Penha;RN;https://josedapenha.rn.gov.br/
Jucurutu;RN;https://rn.portaldatransparencia.com.br/prefeitura/jucurutu/
Messias Targino;RN;https://messiastargino.rn.gov.br/
Lagoa d'Anta;RN;https://lagoadanta.rn.gov.br/
Lagoa de Pedras;RN;https://lagoadepedras.rn.gov.br/
Lagoa de Velhos;RN;https://lagoadepedras.rn.gov.br/
Lagoa Nova;RN;https://rn.portaldatransparencia.com.br/prefeitura/lagoanova/
Lagoa Salgada;RN;https://rn.portaldatransparencia.com.br/prefeitura/lagoasalgada/
Lajes;RN;https://lajes.rn.gov.br/
Lajes Pintadas;RN;https://rn.portaldatransparencia.com.br/prefeitura/lajespintadas/
Lucrécia;RN;https://rn.portaldatransparencia.com.br/prefeitura/lucrecia/
Luís Gomes;RN;https://rn.portaldatransparencia.com.br/prefeitura/luisgomes/
Macaíba;RN;https://rn.portaldatransparencia.com.br/prefeitura/macaiba/
Macau;RN;https://rn.portaldatransparencia.com.br/prefeitura/macau/
Marcelino Vieira;RN;https://marcelinovieira.rn.gov.br/
Martins;RN;https://martins.rn.gov.br/
Maxaranguape;RN;https://maxaranguape.rn.gov.br/
Frutuoso Gomes;RN;https://rn.portaldatransparencia.com.br/prefeitura/frutuosogomes/
Montanhas;RN;https://montanhas.rn.gov.br/
Monte Alegre;RN;https://rn.portaldatransparencia.com.br/prefeitura/montealegre/
Monte das Gameleiras;RN;https://montedasgameleiras.rn.gov.br/
Mossoró;RN;https://rn.portaldatransparencia.com.br/prefeitura/mossoro/
Natal;RN;https://www.natal.rn.gov.br/
Nísia Floresta;RN;https://rn.portaldatransparencia.com.br/prefeitura/nisiafloresta/
Nova Cruz;RN;https://rn.portaldatransparencia.com.br/prefeitura/novacruz/
Olho d'Água do Borges;RN;https://olhodaguadoborges.rn.gov.br/
Ouro Branco;RN;https://rn.portaldatransparencia.com.br/prefeitura/ourobranco/
Paraná;RN;https://parana.rn.gov.br/
Paraú;RN;https://parau.rn.gov.br/
Parazinho;RN;https://rn.portaldatransparencia.com.br/prefeitura/parazinho/
Parelhas;RN;https://rn.portaldatransparencia.com.br/prefeitura/parelhas/
Parnamirim;RN;https://diariooficial.parnamirim.rn.gov.br/
Passa e Fica;RN;https://rn.portaldatransparencia.com.br/prefeitura/passaefica/
Passagem;RN;https://rn.portaldatransparencia.com.br/prefeitura/passagem/
Patu;RN;https://rn.portaldatransparencia.com.br/prefeitura/patu/
Pau dos Ferros;RN;https://paudosferros.rn.gov.br/
Pedra Grande;RN;https://pedragrande.rn.gov.br/
Pedra Preta;RN;https://pedrapreta.rn.gov.br/guia-de-servicos/diario-oficial/
Pedro Avelino;RN;https://rn.portaldatransparencia.com.br/prefeitura/pedroavelino/
Pedro Velho;RN;https://diariooficial.pedrovelho.rn.gov.br/
Pendências;RN;https://rn.portaldatransparencia.com.br/prefeitura/pendencias/
Pilões;RN;https://rn.portaldatransparencia.com.br/prefeitura/piloes/
Poço Branco;RN;https://rn.portaldatransparencia.com.br/prefeitura/pocobranco/
Portalegre;RN;https://rn.portaldatransparencia.com.br/prefeitura/portalegre/
Serra Caiada;RN;https://rn.portaldatransparencia.com.br/prefeitura/serracaiada/
Pureza;RN;https://rn.portaldatransparencia.com.br/prefeitura/pureza/
Rafael Fernandes;RN;https://www.rafaelfernandes.rn.gov.br/diario-oficial-eletronico
Riacho da Cruz;RN;http://www.riachodacruz.rn.gov.br/diario-oficial-eletronico
Riacho de Santana;RN;http://www.riachodesantana.rn.gov.br/diario-oficial-eletronico
Riachuelo;RN;https://rn.portaldatransparencia.com.br/prefeitura/riachuelo/
Rodolfo Fernandes;RN;https://rn.portaldatransparencia.com.br/prefeitura/rodolfofernandes/
Ruy Barbosa;RN;https://ruybarbosa.rn.gov.br/
São Francisco do Oeste;RN;https://saofranciscodooeste.rn.gov.br/
Santa Cruz;RN;https://rn.portaldatransparencia.com.br/prefeitura/santacruz/
Santana do Seridó;RN;https://santanadoserido.rn.gov.br/
Santana do Matos;RN;https://rn.portaldatransparencia.com.br/prefeitura/santanadomatos/
Santo Antônio;RN;https://rn.portaldatransparencia.com.br/prefeitura/santoantonio/
São Bento do Norte;RN;https://rn.portaldatransparencia.com.br/prefeitura/saobentodonorte/
São Bento do Trairí;RN;https://rn.portaldatransparencia.com.br/prefeitura/saobentodotrairi/
São Fernando;RN;https://www.saofernando.rn.gov.br/
São Gonçalo do Amarante;RN;https://rn.portaldatransparencia.com.br/prefeitura/saogoncalodoamarante/
São João do Sabugi;RN;https://rn.portaldatransparencia.com.br/prefeitura/saojoaodosabugi/
São José de Mipibu;RN;https://rn.portaldatransparencia.com.br/prefeitura/saojosedemipibu/
São José do Campestre;RN;https://rn.portaldatransparencia.com.br/prefeitura/saojosedocampestre/
São José do Seridó;RN;https://saojosedoserido.rn.gov.br/
São Miguel;RN;https://saomiguel.rn.gov.br/
São Paulo do Potengi;RN;https://rn.portaldatransparencia.com.br/prefeitura/saopaulodopotengi/
São Pedro;RN;https://rn.portaldatransparencia.com.br/prefeitura/saopedro/
São Rafael;RN;https://saorafael.rn.gov.br/
São Tomé;RN;https://rn.portaldatransparencia.com.br/prefeitura/saotome/
São Vicente;RN;https://rn.portaldatransparencia.com.br/prefeitura/saovicente/
Senador Elói de Souza;RN;https://rn.portaldatransparencia.com.br/prefeitura/senadoreloidesouza/
Senador Georgino Avelino;RN;https://senadorgeorginoavelino.rn.gov.br/